city,lat,lon
上海,31.14,121.29
丽水,28.47,119.92
亳州,33.84,115.78
六安,31.73,116.52
南京,32.03,118.46
南通,32.01,120.51
台州,28.41,121.27
合肥,31.31,117.17
嘉兴,30.46,120.45
宁波,29.52,121.33
安庆,30.53,117.05
宣城,30.94,118.76
宿州,33.65,116.98
宿迁,33.96,118.28
常州,31.47,119.58
徐州,34.15,117.11
扬州,32.23,119.26
无锡,31.34,120.18
杭州,30.16,120.1
池州,30.66,117.49
泰州,32.46,119.92
淮北,33.96,116.79
淮南,32.63,117.0
淮安,33.61,119.02
温州,28.01,120.39
湖州,30.52,120.06
滁州,32.3,118.32
盐城,33.35,120.16
绍兴,30.0,120.34
舟山,30.02,122.21
芜湖,31.19,118.22
苏州,31.19,120.37
蚌埠,32.94,117.39
衢州,28.94,118.87
连云港,34.36,119.1
金华,29.08,119.65
铜陵,30.95,117.81
镇江,32.2,119.45
阜阳,32.89,115.81
马鞍山,31.43,118.28
黄山,29.71,118.34
