Model,R2 (log-scale),RMSE (log-scale),MAE (log-scale)
DNN-M2_PCA_L1-Native,0.8577916656485274,0.1911207153450378,0.1335001771372082
DNN-M1_Baseline-Native,0.8432994070679567,0.200622924703348,0.1453803403217291
DNN-M1_Baseline-OHE,0.8073588676479181,0.2224435147645754,0.1580248999662519
XGBoost-M1_Baseline-Native,0.90136,0.159174,0.106251
XGBoost-M2_Full_L1-Native,0.938235,0.125955,0.087151
XGBoost-M2_PCA_L1-Native,0.930351,0.133753,0.0921
DNN-M2_Full_L1-Native,0.892152,0.166438,0.11291
DNN-M2_Full_L1-OHE,0.844142,0.200083,0.133938
EBM-M1_Baseline-Native,0.922472294419066,0.1411151699294774,0.0990849572258669
SVR-M1_Baseline-OHE,0.8819080200634428,0.1741628165451917,0.1271773576745448
MLR-M1_Baseline-OHE,0.8496172446539278,0.1965369700245292,0.1392678567283807
EBM-M2_PCA_L1-Native,0.8299144574009336,0.2090157136751899,0.1516794276403534
SVR-M2_Full_L1-OHE,0.6976703929256804,0.2786670224767575,0.1815919719866523
LGBM-M2_Full_L1-Native,0.5890959483967911,0.3248743691511196,0.2293027282875417
MLR-M2_Full_L1-OHE,0.5268302114924874,0.3486211580364994,0.3152166539675782
LGBM-M2_PCA_L1-Native,0.4989238305241846,0.3587542972025841,0.2366388332772384
LGBM-M1_Baseline-Native,0.3276637837269562,0.4155645476969767,0.2689295657917843
