True_Values,Predicted_Values,Test_Year
0.486929114003868,0.5650031566619873,2018.0
0.5154679622251708,0.6250999569892883,2019.0
0.5211198333318556,0.5663419961929321,2020.0
0.5779066732485476,0.5689601898193359,2021.0
0.5832748658493061,0.593441367149353,2022.0
0.3952935294054232,0.5573113560676575,2018.0
0.428918551575226,0.4999473989009857,2019.0
0.3551506556144195,0.5012704133987427,2020.0
0.4102534123694771,0.4942323863506317,2021.0
0.539662281368334,0.5575653910636902,2022.0
0.3243566727121819,0.2967003583908081,2018.0
0.5150579360583608,0.41967299580574036,2019.0
0.4406083390108399,0.46932950615882874,2020.0
0.5353223714646428,0.4812648892402649,2021.0
0.5764258220702547,0.5589554905891418,2022.0
1.2521720671099106,0.7540690302848816,2018.0
1.0998216958315696,0.9541940689086914,2019.0
1.1107491049456832,1.0605323314666748,2020.0
1.1637404597301697,1.1751081943511963,2021.0
1.2533160307921276,1.2456822395324707,2022.0
1.0660153679058404,1.060248851776123,2018.0
1.101108116024728,1.1110174655914307,2019.0
1.0671693855942628,1.138771891593933,2020.0
1.0855838782525498,1.1234283447265625,2021.0
1.0027122047939887,1.2029743194580078,2022.0
0.4865574188801638,0.5725066661834717,2018.0
0.561005425061504,0.5699413418769836,2019.0
0.4964852913784237,0.5804909467697144,2020.0
0.5523206831032355,0.5952737331390381,2021.0
0.6444232879885458,0.61368727684021,2022.0
0.4751537226778859,0.5159043669700623,2018.0
0.4727678255254416,0.5404991507530212,2019.0
0.4349540743970765,0.522367000579834,2020.0
0.503033747845976,0.47733572125434875,2021.0
0.5802041644483596,0.5575820207595825,2022.0
0.6900424381668009,0.7514553666114807,2018.0
0.7692475609644969,0.7765330672264099,2019.0
0.7418749169958849,0.7698467373847961,2020.0
0.859529300839708,0.7840139269828796,2021.0
0.796161835292977,0.8784549236297607,2022.0
0.7250362570620229,0.8003719449043274,2018.0
0.7521850091638917,0.7585006356239319,2019.0
0.6925371248050448,0.7974040508270264,2020.0
0.7772703554051357,0.7503243684768677,2021.0
0.7440454221007503,0.8103346228599548,2022.0
0.8537638624656274,0.9461319446563721,2018.0
0.816918514406691,0.9344272613525391,2019.0
0.7877767576436286,0.9010248780250549,2020.0
0.8556496068044179,0.84825599193573,2021.0
0.8983262139762388,0.8892245888710022,2022.0
0.3849529855098814,0.41950279474258423,2018.0
0.4418785833868373,0.4293760061264038,2019.0
0.5100305833216378,0.5048345327377319,2020.0
0.539819580475107,0.6358307600021362,2021.0
0.3257700792188073,0.6294108033180237,2022.0
0.8728241775382742,0.9955382347106934,2018.0
0.86193267723897,1.0393322706222534,2019.0
0.9480278451976548,0.9571638703346252,2020.0
1.0640606265165178,1.2571852207183838,2021.0
1.0813054365119954,1.1697406768798828,2022.0
0.5252017142703361,0.4619224965572357,2018.0
0.5749783258233032,0.5728399753570557,2019.0
0.6530094842467954,0.5967958569526672,2020.0
0.7259722787004471,0.6827090978622437,2021.0
0.6879125255788736,0.7335173487663269,2022.0
0.4367470878861814,0.3393876254558563,2018.0
0.3347648592203926,0.4383437931537628,2019.0
0.3244902302355007,0.44494184851646423,2020.0
0.3626874763504413,0.46281442046165466,2021.0
0.42188270432339,0.39601945877075195,2022.0
0.8220645511965232,0.8412671089172363,2018.0
0.7944839632062378,0.8684006333351135,2019.0
0.8146134295850973,0.8518624901771545,2020.0
0.9479826049276406,0.8584548830986023,2021.0
0.8548835739271506,0.9638976454734802,2022.0
1.0169674618375946,1.1427245140075684,2018.0
1.0289946591024537,1.168113350868225,2019.0
0.9353160049964382,1.0813958644866943,2020.0
1.1061536639146088,1.022984266281128,2021.0
0.9784181609693255,1.1575889587402344,2022.0
0.7901803127361982,0.7079479694366455,2018.0
0.7766810609769398,0.7823812365531921,2019.0
0.7970139441755875,0.8241207003593445,2020.0
0.8061187365068061,0.8270967602729797,2021.0
0.8269830372898108,0.9084192514419556,2022.0
0.8673724549861821,0.8519746661186218,2018.0
0.8874671736330902,0.8823964595794678,2019.0
0.8319823824023074,0.9077802896499634,2020.0
0.9161617598286136,0.8577641844749451,2021.0
0.8864457220958893,0.9603347182273865,2022.0
0.3689864407314915,0.41658565402030945,2018.0
0.410012861257758,0.4494098722934723,2019.0
0.3790430440752817,0.44496026635169983,2020.0
0.3845888135863191,0.4422774016857147,2021.0
0.3721596382132373,0.4243583679199219,2022.0
0.8119196089608579,0.9144995212554932,2018.0
0.8122784554113995,0.951667308807373,2019.0
1.669400687920584,0.9551400542259216,2020.0
1.5985116799485588,1.4596681594848633,2021.0
1.4590514393820293,1.5360723733901978,2022.0
0.5621889046682482,0.6557169556617737,2018.0
0.7928805370537325,0.6610938310623169,2019.0
0.5205744979843696,0.7646387219429016,2020.0
0.6286558883518356,0.7375802397727966,2021.0
0.6538034989018627,0.7771044969558716,2022.0
1.7855666823667944,1.9007842540740967,2018.0
1.7870206983575398,1.8382295370101929,2019.0
1.406502537971465,1.8625249862670898,2020.0
1.7890877711207227,1.475695252418518,2021.0
1.8699415816570208,1.877037525177002,2022.0
2.0429815967036102,1.9422860145568848,2018.0
2.2624459227810303,2.0699992179870605,2019.0
2.0447446324918355,2.195249319076538,2020.0
2.158604835549776,2.08402943611145,2021.0
2.29864261611171,2.204800605773926,2022.0
0.7781441980552071,0.7810332775115967,2018.0
0.5800999690111158,0.8125438690185547,2019.0
0.6333336284542412,0.7314643263816833,2020.0
0.6958698446593536,0.7884552478790283,2021.0
0.753024630538824,0.7945076823234558,2022.0
0.3173265180812006,0.34637144207954407,2018.0
0.335590290004801,0.42758429050445557,2019.0
0.3092686134574818,0.3879117965698242,2020.0
0.3872036458245438,0.37900596857070923,2021.0
0.4133138277015608,0.41187745332717896,2022.0
0.5611838372566982,0.5590564012527466,2018.0
0.5585589357084492,0.5818548202514648,2019.0
0.5851801325912229,0.6111702919006348,2020.0
0.5879171054694283,0.6007806658744812,2021.0
0.612815094782561,0.632048487663269,2022.0
0.6729545451138343,0.5791126489639282,2018.0
0.6732460250358776,0.6992436051368713,2019.0
0.475738901622887,0.726227343082428,2020.0
0.3836655906152258,0.6367079019546509,2021.0
0.4225329517367122,0.5934939384460449,2022.0
0.679549330647692,0.698020339012146,2018.0
0.6884874717930273,0.7079516053199768,2019.0
0.6094543795170977,0.7111911773681641,2020.0
0.6663786426566727,0.6336016654968262,2021.0
0.6017656648377285,0.7113343477249146,2022.0
0.5302001873650309,0.6098533868789673,2018.0
0.5316565739777839,0.5837578773498535,2019.0
0.5141276685557475,0.5833442807197571,2020.0
0.5775329540869777,0.5333242416381836,2021.0
0.5778153686487374,0.6133078932762146,2022.0
0.729272737674291,0.6000010371208191,2018.0
0.9155007151788764,0.6467140316963196,2019.0
0.9384759368510348,0.8413406014442444,2020.0
1.2810292090589623,0.902752697467804,2021.0
1.2019451029370438,1.2151597738265991,2022.0
0.6402663129840203,0.6487051248550415,2018.0
0.823928479968634,0.6984114646911621,2019.0
0.7759228352743531,0.82307368516922,2020.0
0.7977277206171484,0.8352201581001282,2021.0
0.7972277136866655,0.8566073775291443,2022.0
1.123963774922721,1.1414752006530762,2018.0
1.131483835481414,1.148807168006897,2019.0
1.088461924172088,1.1168197393417358,2020.0
1.167330429166181,1.0877618789672852,2021.0
1.2061140672906183,1.2004930973052979,2022.0
0.4183612572556593,0.4311079978942871,2018.0
0.5485964961760945,0.46669575572013855,2019.0
0.4116454775785279,0.5124144554138184,2020.0
0.4707089452308568,0.474444717168808,2021.0
0.5388896563282892,0.5508291721343994,2022.0
1.1985612179782368,1.2077032327651978,2018.0
1.161948692561915,1.2196745872497559,2019.0
1.0768525206515656,1.215712070465088,2020.0
1.1223054690744596,1.1914279460906982,2021.0
1.0085474228569609,1.2197425365447998,2022.0
0.9096528627106588,0.8772430419921875,2018.0
1.079898499243498,0.9265691637992859,2019.0
1.0252447816170198,1.014946460723877,2020.0
1.0463156565981246,1.0324143171310425,2021.0
1.0525552222918233,1.0692939758300781,2022.0
0.3090993070264715,0.4136105477809906,2018.0
0.3636035691656573,0.41723141074180603,2019.0
0.3182425913256976,0.39109766483306885,2020.0
0.388581810471542,0.3896893560886383,2021.0
0.3937603740404275,0.41788285970687866,2022.0
2.1973651198517685,2.363837242126465,2018.0
2.255184078162109,2.403470993041992,2019.0
2.2476473399989745,2.329237461090088,2020.0
2.232571286704748,1.9667936563491821,2021.0
2.344418648790481,2.3521575927734375,2022.0
0.9239524025863586,1.1634128093719482,2018.0
0.8848528371518438,1.170496940612793,2019.0
0.8631644495070787,1.076736569404602,2020.0
1.17070260862284,0.9629848003387451,2021.0
1.2353478526822936,1.245851993560791,2022.0
0.3615417568996426,0.4424703121185303,2018.0
0.3605628257693757,0.43821319937705994,2019.0
0.3464150784751196,0.46137332916259766,2020.0
0.4074610412715286,0.4322262704372406,2021.0
0.4304724871255566,0.4757571816444397,2022.0
2.2570501964347702,2.338559627532959,2018.0
2.2101185934393315,2.3420374393463135,2019.0
2.232442651456672,2.270932197570801,2020.0
2.2693533928070124,2.30649995803833,2021.0
2.27583465945024,2.3846218585968018,2022.0
0.0949415608924102,0.25282782316207886,2018.0
0.07437838811204,0.19674152135849,2019.0
0.0530981595514279,0.1730644702911377,2020.0
0.0911160078902822,0.30381113290786743,2021.0
0.1097411498490023,0.17839205265045166,2022.0
