City,Year,Target,Total_population,PC1,PC2,PC3,PC4,PC5,PC6,PC7
上海,2011,0.6936946778943168,2355.53,0.9036463971999392,-2.716673990899163,-1.3938208753273222,-1.7345522616434392,0.26055789023430215,0.8229020479185143,-0.32955923091295525
上海,2012,0.6378543687651347,2398.5,1.8558420969077658,-2.2145770302300907,-1.734882330969221,-1.8547553891915478,0.1257630284298628,0.8031051785708259,-0.2476477136971129
上海,2013,0.5960583625985222,2448.43,1.5214025310429262,-2.8046768120271155,-1.9911288277678858,-1.7453627888263807,0.18125935918303987,0.7747404687708093,-0.24304039593033128
上海,2014,0.5657500077914929,2467.06,1.7959252682119962,-3.1190160157263995,-2.419010163027639,-1.6491365016203767,0.14281588530949002,0.7963377465820249,-0.29189220373175406
上海,2015,0.5486244534313516,2457.59,2.2232329798374635,-3.6812862754038242,-2.7578870540518388,-1.7461189819486687,0.23323796560443172,0.7649310516502568,-0.07605308774769703
上海,2016,0.5016884922127324,2467.37,2.7820405886710415,-4.242781196680544,-2.934801500425462,-1.7106082647703285,0.32998896135657557,0.7087265746091034,0.03421069638482771
上海,2017,0.48333088658335954,2466.28,3.2165671154282487,-4.541816775176376,-2.657463865226227,-1.3193910389320396,0.39294727912063093,0.5742348576278953,-0.25060747019714613
上海,2018,0.486929114003868,2475.39,3.7955169867707195,-5.3335896150630155,-2.7981824687134993,-0.9274613795183668,0.46616753459023524,0.6837297241490161,0.04053666355292329
上海,2019,0.5154679622251708,2481.34,3.7693134292129757,-5.6318501629612845,-3.0316562297624445,-0.9869173163886364,0.5890750871651684,0.480336368966837,0.38716040735920676
上海,2020,0.5211198333318556,2488.36,3.8089906624505216,-5.437157004511754,-3.2077375450705325,-0.8663826029303421,0.3645623785254318,0.7625016987750763,0.11951930809626393
上海,2021,0.5779066732485476,2489.43,4.626972849963693,-5.663471477660578,-3.059197040999609,-1.0165494816204157,0.5563077820653606,0.46235679274104874,0.28525727515189153
上海,2022,0.5832748658493061,2475.89,4.049655367191961,-5.987867102767002,-3.1990213477994085,-1.0815722886328196,0.6286822010848265,0.39564809457779243,0.3656099109131591
丽水,2011,0.6060240921414589,211.6,1.3281215123011396,3.005309451906176,0.0892326663617567,-0.05638152720003889,-1.3241586953236204,-0.09722859589785773,-0.24869894996235242
丽水,2012,0.6349434546759203,211.7,-0.19398053532441295,1.3973997156905504,0.04202786208350205,-0.03179240868752639,-0.9481797720159992,-0.057421514073087945,0.11011671265232104
丽水,2013,0.6691576643388015,212.2,0.6629833967793494,1.8912084842166421,-0.008983360288264776,-0.29502616355386896,-0.9656005614986192,-0.1164463761615132,0.26019726393374926
丽水,2014,0.6133449392391915,213.1,-0.06580314636586615,1.1356490052526826,-0.2049030266660077,-0.10769627886787944,-0.8925219522349075,-0.057000913887265,0.06061001971396507
丽水,2015,0.5752414144300951,213.9,0.7754840308199357,1.2783632697435556,-0.46794713788555586,-0.07475066906509012,-0.8839690546423173,-0.18656330664674428,0.29169111796442276
丽水,2016,0.4667361704833113,216.5,0.21604280505737805,0.608894604666558,-0.6091684451906344,-0.0819092412274389,-0.802279152937698,-0.048410038745275955,0.4745824659106799
丽水,2017,0.3866866573487995,218.6,1.1769149128833902,1.0369402450566239,-1.0212380929119937,-0.11426906464875078,-0.9095667352383741,-0.09244233101048888,0.48069431021466025
丽水,2018,0.3952935294054232,244.4,1.5379638919011267,0.536640433950908,-0.3297334963821935,0.3854502428746052,-0.8434326831115184,0.24155659585098554,0.4201187079428581
丽水,2019,0.42891855157522607,247.5,0.41688984808228635,-0.21895792810900955,-0.8919565936999624,0.08330094215758493,-0.7640202521232378,0.3716334023447632,0.7658395255367921
丽水,2020,0.3551506556144195,250.8,3.1378034654851525,1.3549857512167973,-0.9207909110451269,0.0413292167764398,-1.0316995050003357,0.33848346510177724,1.112082636092795
丽水,2021,0.41025341236947716,251.4,5.568157316902577,2.8562697922641638,-0.45835283730148313,-0.3674183998115623,-1.0311775718747627,-0.021985791379626474,1.3867211066223457
丽水,2022,0.539662281368334,251.5,2.740106552853406,0.7190657036814768,-0.5706886361382185,-0.009884534597964234,-0.7644262363253445,0.1412138615311846,0.8978985890715625
亳州,2011,0.34475470194257307,592.6,-2.2986181767844642,1.304723589970831,-1.032177261428149,1.0943009643906993,-0.9413819228105427,-0.6413001023650917,0.35635543470368225
亳州,2012,0.3289079307677057,598.1,-2.3789000217778984,1.3872018090353415,-1.1066446285278748,1.1111361774816317,-0.9651762894602591,-0.8733669177095964,0.042666014589406664
亳州,2013,0.3170309465950849,603.6,-2.2753868252186127,1.262366138190055,-1.2311000773550587,1.049678257940279,-0.9452143302009086,-0.7712947868658291,0.14200667894375224
亳州,2014,0.30980462298816336,609.1,-2.1942639012488665,1.2805331900928825,-1.250829696135821,0.9771557826502157,-0.8583560053618188,-0.8081145652009749,0.018245428001564146
亳州,2015,0.32120118804908027,614.6,-2.2252698985720833,1.1866704394383847,-1.2582147381127584,0.8576873729564831,-0.8159472254026123,-0.773793424207952,0.05905326711094644
亳州,2016,0.36380956684651394,620.1,-2.064545142434296,0.9284299955983207,-1.6146429301618193,0.9463389942159997,-0.8008194626151341,-0.6110221603366223,0.3484250094088892
亳州,2017,0.2794561965753217,625.6,-1.6448265700471365,0.9523368462448395,-1.8590560308214912,1.0720488903987877,-0.6625412814388865,-0.5274336219612733,0.3804061862025061
亳州,2018,0.3243566727121819,631.1,-0.18676692742707146,1.8732598763717827,-1.842027985744447,0.8509668326583995,-0.695848162680836,-0.4894807284505952,0.4997019426638404
亳州,2019,0.5150579360583608,636.6,-0.9805116062117096,1.147614854796935,-2.025557367716511,0.8574667317571056,-0.6197418117986554,-0.43550155060715706,0.5040128829032157
亳州,2020,0.44060833901083996,642.1,-1.2317636305057276,0.8949406362931588,-2.1042082521458108,0.8522358566775756,-0.5867942564352516,-0.3056712918572567,0.5356433712577896
亳州,2021,0.5353223714646428,647.6,-0.7988325066928302,1.1455059356888841,-2.114833821191907,0.7326335465559772,-0.5934480355545194,-0.17557731794723197,0.5587551044840857
亳州,2022,0.5764258220702547,653.1,0.38515922006148073,2.126997341751234,-1.9233219128252295,0.4261915396822366,-0.6985260671446896,-0.12342480039201442,0.4894960851674721
六安,2011,0.48482280856170284,574.7,-2.4503322594090524,1.4948266204465739,-0.69879541468483,1.0497698806610922,-0.0468182714089867,-0.12190827102655519,-0.09373684096785352
六安,2012,0.4851040712530604,575.5,-2.1601176393355273,1.4933414282002793,-0.6470630166671166,0.9196625308624151,0.12203075137421687,0.16277444679807085,0.23116775902158004
六安,2013,0.4694503782357396,576.3,-2.3049793739069484,1.342529426731912,-0.6037332666187748,0.8600030595975032,0.3078063928168188,0.15933946404654314,0.1805476639522513
六安,2014,0.46471637352208006,577.2,-2.1615594618400085,1.2168472767662535,-0.7619971049118124,0.7233528891545584,0.023041969739558743,0.03910734335828661,0.19974085656281237
六安,2015,0.5119944898547314,578.0,-2.0972595053859924,1.0329957833277637,-1.1804507765290748,0.7092184453125627,-0.008404605301439938,-0.15602458594747426,0.2338451765499825
六安,2016,0.5133035456472478,578.8,-1.8657423252543892,0.8803609827903901,-1.3320856046528058,0.6819845154148529,0.0016069157129833256,-0.24101063024359196,0.5034477057228914
六安,2017,1.0359461019132619,579.6,-1.700466092003355,0.7986064319201261,-1.298053359154744,0.6342099505456189,0.06193574126016904,-0.1674950961628239,0.6394660840062637
六安,2018,1.2521720671099106,580.4,-0.9678874267482174,0.9781517402124819,-1.4831497022223652,0.7806228234000747,-0.08344084839938726,0.10917844161197254,0.7088211713014733
六安,2019,1.0998216958315696,581.2,-0.9374102605097977,0.857968737658695,-1.490384234639385,0.8468591451481762,-0.0779603893692648,0.3085570168955916,0.6795730342605333
六安,2020,1.1107491049456832,582.0,-0.28113361360845257,1.3309234805267023,-1.079980037435488,0.9167956822686807,-0.11189784098458416,0.5948021895228126,0.4402076540293418
六安,2021,1.1637404597301697,582.8,1.0280106202585841,2.5412069267804513,-0.965880976578064,0.3285299710288078,-0.19852403212146075,0.4765472706143928,0.4471713218634493
六安,2022,1.2533160307921276,583.6,0.886747158813317,2.6329414575773677,-0.8553606508624925,-0.006161567539934992,-0.10524953303532186,0.6213530831966789,0.5541223387942772
南京,2011,1.0616900783568184,800.76,0.26624471289723484,-1.7953823264685767,-0.4694749615011894,0.1647658459025284,-0.34115023891186735,0.7170025844662997,-0.6788870437518121
南京,2012,0.8552604145512277,848.1,0.11322130620031012,-1.6398878428864951,-0.6701868206426393,0.3240788215858729,-0.38478100961653783,0.20048166902115844,-0.29406807593881146
南京,2013,1.0402501206628048,857.15,0.4789847823865808,-2.1094506390021577,-0.9515962898947321,-0.15697929054434984,-0.20027525870648946,0.46585267102883704,-0.5508369215789957
南京,2014,1.0470191301734326,880.65,0.8222707313351526,-2.4218474759796775,-1.0758534671019704,0.19945650686257294,-0.19431440968616534,0.40458955307337013,-0.4887954144928211
南京,2015,0.946426520465947,838.06,1.0538306074913648,-2.8617104460230363,-1.4296562989429085,-0.8349075979564089,0.1831415220294224,0.3631453276208136,-0.5367826126474805
南京,2016,1.0847567910592353,897.29,1.2609049310252907,-2.8620217115972113,-1.355165795720097,0.00701782689853353,-0.05734018207389724,0.2583765778499398,-0.5880878790822404
南京,2017,1.0880166723800877,913.69,2.1470321519378395,-3.669627769730873,-1.2168946301102037,0.858463395732882,-0.07867813942251756,0.5727225637243476,-0.7514001657653087
南京,2018,1.0660153679058404,919.2,4.706844893391048,-3.436328926478831,-0.39771283182407313,2.5706583392359184,-0.3966070494586136,0.5675702947154044,-0.8987792860877187
南京,2019,1.101108116024728,924.39,4.590774011011942,-3.1841582497553396,-0.9764932386872037,0.9872738982440046,-0.01958962773353884,0.1616960530203232,-0.4594090305140068
南京,2020,1.0671693855942628,928.16,4.49969842002514,-3.996917586965806,-0.8505646055060587,1.151215478896355,0.33999083388100665,-0.25861450644661005,-0.05124675112899689
南京,2021,1.0855838782525498,931.97,3.906533736209898,-5.117825380333543,-0.6104486612475345,1.307571792357627,0.716166547646619,-0.6113841864322911,0.09817361798792978
南京,2022,1.0027122047939887,942.24,3.709375865949693,-4.9568199958673755,-0.5898725788875363,1.3635286625087342,0.6296650082660971,-0.49874401770484444,-0.004185418415478204
南通,2011,0.48656455279269645,723.18,-1.3173074324808198,-0.1722259320421315,1.01646311177793,-0.41923623723490744,0.026052375095000913,-0.9709880627612122,-0.1841449136451549
南通,2012,0.4661515484247502,739.01,-1.0829164058583243,-0.3258990259616342,0.7942845560483224,-0.4314871058054968,0.09715759168570409,-1.1181459232866844,-0.050063402238919016
南通,2013,0.4524972003594534,750.76,-1.0876913736406562,-0.4413096865103043,0.36430005062530546,-0.39672615802283195,-0.1282945695555892,-0.707307586982973,-0.37331239695107976
南通,2014,0.5082183093251719,753.48,-0.6886958370269756,-0.8575290462821664,0.251046572455099,-0.29701319413902405,0.10353223076992629,-1.0843001773354688,0.027760499844433198
南通,2015,0.5180021785266924,763.36,-0.4495175086400179,-1.016324647866048,0.06241203689078878,-0.2262821976425853,0.07977532598931641,-1.0593895033074932,0.06156123178306949
南通,2016,0.5361738656988231,767.21,-0.2525495963896074,-1.2627155141297175,-0.09738960209678219,0.057939437610865174,0.1399752370222736,-1.3155132699650625,0.12018905309975067
南通,2017,0.5268069968655815,768.23,0.696383456151156,-1.2570864877630477,0.5656200866415658,0.36699170832256384,0.30780467959241714,-1.541905286280106,0.012934988106648115
南通,2018,0.4865574188801638,769.85,3.883498823739079,0.7710896770335837,0.7893957690589948,0.3715223516282719,-0.13672107102256953,-1.368655744533578,-0.24153796463765081
南通,2019,0.561005425061504,769.45,11.724426096017774,8.437924861520688,0.3464999737656569,-2.0968091019337716,-1.4359363797718285,-1.263231400484625,-0.3449643424364737
南通,2020,0.4964852913784237,772.44,7.162029741396727,3.649912279599928,0.35809111401306537,-0.6620878635757264,-0.6712472759832,-1.2762874131269906,-0.22343117764883494
南通,2021,0.5523206831032355,772.8,0.6361197262107209,-1.773864283881657,0.2386211291653829,0.22225483031433863,0.15822156030549012,-1.1029431612929161,-0.4652410005030894
南通,2022,0.6444232879885458,773.3,0.34699720914400467,-1.8370792691760025,0.4059117942471543,0.3163710061576284,0.1464240384033439,-1.0444366708833823,-0.5760993952431991
台州,2011,0.33160244542834527,599.9,-0.37995190181144245,0.7060174278144317,0.6987975154760766,0.12556303354286136,-0.6984567823738067,0.05006433440557162,-0.2961399512860373
台州,2012,0.32281932947767716,600.5,-0.7602836135259928,0.42483032622385275,0.3898405548749374,-0.16612429139172624,-0.5784748320486225,-0.05896010285539796,0.017709818249622006
台州,2013,0.4196839540654955,603.8,-0.9517609939913333,0.1767434863261078,0.20855644710910679,-0.2976443061832597,-0.5360459664160994,-0.03218966109376026,0.13948091537641058
台州,2014,0.34885223952851663,601.5,-0.7461663560695486,-0.1977378843194803,0.280445878044591,-0.02274550126713132,-0.416865036136563,-0.17479971043418396,0.1292693650211503
台州,2015,0.3377821022208716,604.9,-0.43073945554947934,0.10133884765342177,-0.1907409433547202,-0.4930923107474715,-0.36803503236244295,-0.3964700931710107,0.4630448403363202
台州,2016,0.35374466753853684,608.0,0.4984895931941563,0.5373892358418089,-0.2153026990118853,-0.5715319618341902,-0.49450515654872873,-0.2568459020791153,0.5237146897954036
台州,2017,0.5263308154916823,611.8,0.9354998172013852,0.3522270841333488,0.002975519309597746,-0.14571021627824587,-0.5475219546976554,-0.1594484249464004,0.1036339741588023
台州,2018,0.47515372267788597,648.8,1.105562741858332,-0.004496068844117629,-0.11502088762759052,0.06188537902817226,-0.4753445743227119,-0.24058372780072743,0.2218183494316151
台州,2019,0.4727678255254416,654.8,0.8472574123021924,-0.15832113352678406,-0.098591928537714,-0.04734989937665293,-0.3555055387933341,-0.4157334215466565,0.1458830955667039
台州,2020,0.4349540743970765,662.7,2.7632025408428595,0.9462213174096333,-0.021101807670457703,-0.02452382810075543,-0.49291550041928744,-0.5279145843666865,0.54138292235627
台州,2021,0.503033747845976,666.1,5.963304513500397,3.509160795144122,0.12136019779387461,-0.9460768668508643,-0.7268918259317848,-0.7891343140191482,0.8511931155048892
台州,2022,0.5802041644483596,667.8,2.851878202103123,1.1467528175534762,-0.14055890221103512,-0.6505897237019644,-0.3941855295019725,-0.6537350010599334,0.725013745756828
合肥,2011,0.8360390152039897,765.6,1.3222811697102208,2.1494814535735367,-0.9105457459910636,0.8584910852420857,2.7264160896260856,0.935525361273255,-0.7859823197971442
合肥,2012,0.8369466275808206,772.7,0.6233746163675499,1.7046137509873591,-1.1891435721182666,0.5046297542397642,3.1119224074006353,0.826552080243933,-0.5887643031843972
合肥,2013,0.799019859416712,780.8,0.8108680882169549,1.4440103146521075,-1.2837581328196128,0.6278139106246796,3.355425186875179,0.8641688720159622,-0.489445408332673
合肥,2014,0.7792028543896353,789.5,1.6262393683989167,1.2819905207942415,-1.1099037922601371,1.0610160449625126,3.4393327971248797,0.8482572676636018,-0.5666475946233656
合肥,2015,0.6625380644802016,797.8,2.8425098085820486,2.1739234945065755,-1.6239524801526606,0.23010627676388967,3.1667631180928577,0.5709395194891225,-0.0018655269217150022
合肥,2016,0.6842377412410681,806.1,4.1019889615992895,2.515562504485153,-1.5055922307539051,-0.035049396771018815,3.1034749741079075,0.05765448959608055,0.49395890671386333
合肥,2017,0.6293206735120276,814.3,6.226865840035966,3.2870719689947245,-1.4258485548843758,0.138695145278795,2.8948980949002694,-0.042332415188066796,0.7322427928149224
合肥,2018,0.6900424381668009,822.6,6.3552873108621455,1.6934835248930886,-1.233143337841439,1.483972129409101,2.8006933524236213,0.23959960947067122,0.6075682303321684
合肥,2019,0.7692475609644969,830.9,4.9788225890379145,0.6904686240640767,-1.602493840365541,1.2931971895098355,2.7644507480831173,0.3033140655803597,0.6593096163337179
合肥,2020,0.7418749169958849,839.1,6.071676855927367,1.6389734520879071,-1.7637249203598937,1.413361430495913,2.3583326231983666,0.8651872457063448,0.006223434920787058
合肥,2021,0.859529300839708,847.4,5.502709555239941,0.41846978782563615,-1.427175705323209,1.7403396901614445,2.698309216500263,0.6314280594710922,0.0794024643227926
合肥,2022,0.796161835292977,855.7,6.126498738200446,0.9670908204930774,-1.3554600490791726,1.4688558587844203,2.785290661944429,0.7224561998552426,0.0411002358261727
嘉兴,2011,0.6233421108536176,453.1,-0.7941201605004157,0.290127764062319,2.4114314532032197,-0.15720403114739717,-0.6513225620962879,0.8198653334806087,0.002248559183572668
嘉兴,2012,0.740007246055041,454.4,-0.5305143851548053,0.27198777731536283,2.1403045849198508,-0.35026264461040857,-0.6086744691314037,0.7331965453321343,0.24978733793936758
嘉兴,2013,0.7096836746316739,455.8,-0.333354238521245,0.040145176387493764,2.255575436436722,-0.4542350750282642,-0.472098966382153,0.7018219945197868,0.35613637652222735
嘉兴,2014,0.7432910169284868,457.0,-0.25023018191627666,-0.3623732100536692,2.0879173471178234,-0.4578452356490633,-0.3357810554170847,0.6202459633438018,0.44616544916476786
嘉兴,2015,0.7384520226124194,458.5,0.0020539726959716287,-0.3961421613322247,1.7815939117165984,-0.7872480470166341,-0.2878645221170697,0.6361913176311116,0.6617620049502384
嘉兴,2016,0.7226176017535989,461.4,0.046352464233948676,-0.6827375803097606,1.875827392166284,-0.8848877059357205,-0.206140933077805,0.7314970778139278,0.6729886597317453
嘉兴,2017,0.7650282014885106,465.6,0.8576121164585332,-0.4907570458150965,1.7757977019031546,-0.765223700922461,-0.2657451031799889,0.6476892936975458,0.16364740023272273
嘉兴,2018,0.7250362570620229,523.1,1.5585138469977737,-0.7107836211807248,1.9677998218619834,-0.18262121800240777,-0.22673010830886703,0.5605368889887614,-0.05998905611560353
嘉兴,2019,0.7521850091638917,533.5,1.6802137476808525,-1.041993934086206,1.8990851367835395,-0.15497077836880893,-0.0705831498061481,0.35096807722577533,-0.19497355196467187
嘉兴,2020,0.6925371248050448,541.1,3.134172721396453,-0.585476288436038,1.9291786896629275,0.02305092281272872,-0.11213764406310922,0.2494031960084061,0.08060605439513355
嘉兴,2021,0.7772703554051357,551.6,4.18549227160657,-0.34551045490604376,2.4779019013876327,0.0990294261564813,-0.0030215066565026927,-0.002593799211310227,-0.15157799960359752
嘉兴,2022,0.7440454221007503,555.1,5.187346855264348,0.922622416180339,2.525412113234821,-0.4821511656530506,-0.013756714340258769,-0.3600101002220587,0.04250929437561396
宁波,2011,0.98578548671248,762.8,0.07018751566206705,-0.8332006181642913,1.3391887050318798,-0.7599576747723873,0.16709924816421456,-0.31923950950958024,-0.2281461491325727
宁波,2012,0.9168927229142534,763.9,0.4269175865091791,-1.2550552548694378,1.1121405267342843,-0.9446335587009456,0.5322218337435534,-0.8967298543146527,0.5297205479205565
宁波,2013,0.9258805146013382,766.3,1.3958221786925504,-0.7677708789702278,0.9858067499331308,-1.077332328133923,0.38176954986625594,-0.7536182155521958,0.51170254190362
宁波,2014,0.886429232963378,781.1,0.7855892723315433,-1.1546762954133745,0.8770936985390101,-0.9688691928531752,0.2686947082533115,-0.437636712685669,-0.06034118219475147
宁波,2015,0.8873204840827712,782.5,1.3380035532933667,-1.0189704270517406,0.608617999448223,-1.380063021840303,0.3543023889813844,-0.6132190533624113,0.11445929825640311
宁波,2016,0.8983737154179857,787.5,1.8363007744691835,-0.9658759354404062,0.5074079521605026,-1.4198795314890027,0.20086747004818323,-0.26560158228144715,0.009950510425041068
宁波,2017,0.8947486781112742,800.5,2.7913500507903377,-0.7159446612369625,0.6087086714703077,-1.1981897673461435,0.03307147805487365,-0.12904976969298512,-0.5506103703955887
宁波,2018,0.8537638624656274,911.5,4.184715857364145,0.4461031030490863,0.7624776627572268,-1.0317664736233452,-0.31537200308922503,0.12612762782137554,-1.0064171275042955
宁波,2019,0.816918514406691,929.4,4.21385866902294,0.07173153269723709,0.23870945988988898,-1.1294223149418336,-0.27633154650854186,0.09588768024460836,-0.8159896270267859
宁波,2020,0.7877767576436286,942.0,5.435166701273738,0.2609698029661478,0.265682252419686,-0.9505013338648705,-0.19428316838106327,-0.16137766932240444,-0.32331005505684496
宁波,2021,0.8556496068044179,954.4,6.7605515164904455,0.4795504721127861,0.7760416025619687,-1.0238806820287327,0.012629574438248359,-0.6223607636045279,-0.4054199336983174
宁波,2022,0.8983262139762388,961.8,5.576782567609021,-0.5278108052880627,0.6086743871728838,-0.9785108590499458,0.26200150155152263,-0.8275584644423677,-0.2204522941183141
安庆,2011,0.2469561024026298,618.3,-2.219327056114561,1.1130564588502616,-0.37678549191475597,0.41069499820205585,-0.08637834891517271,-0.10379771568520012,-0.49060200737221665
安庆,2012,0.2179102344322604,616.9,-2.1755203754322263,1.0532989982631733,-0.2311220099717612,0.2745824011276584,0.052442305373667286,-0.07898357853622591,-0.49995132594198044
安庆,2013,0.2822947795988213,615.6,-2.0697174825549127,1.0305430638300406,-0.21813809385113042,0.1726791883615078,0.15313686872055915,-0.0391939568998734,-0.3465679044792166
安庆,2014,0.2650778681545783,614.3,-2.106982468066163,0.9538294916301443,-0.18675135244127336,0.07283904234892735,0.24128114518832527,-0.18868033044073573,-0.4528359856389441
安庆,2015,0.4765077165965565,613.0,-1.901486173884701,0.8417855224990335,-0.3646967843527864,0.05156455723290354,0.36163542508494123,-0.6025661634360684,-0.3641253172932334
安庆,2016,0.27758962713209095,611.7,-1.820995054213515,0.6300381543614103,-0.44881881538012935,-0.0408756609487666,0.4840086091016573,-0.7330649276600192,-0.10971310257891795
安庆,2017,0.4174074924532451,610.4,-1.7024659271276799,0.7457517114620876,-0.5350269982191835,0.08555014526297755,0.3417326979717043,-0.4145600081607953,-0.5055623135279905
安庆,2018,0.38495298550988144,609.1,1.4083324048482537,2.892632271220913,-0.8479989807467831,-0.28637984945437356,-0.02093491245537038,-0.3240013687833317,-0.22485954873762912
安庆,2019,0.44187858338683733,607.8,0.32210078797408237,1.8969107243726926,-1.0404512879169021,-0.1091101106802248,0.146818055123127,-0.21033026997704002,-0.18326587303088315
安庆,2020,0.5100305833216378,606.5,0.33245120405863215,1.7291469547107137,-1.0986804308114606,0.13413207239572872,0.12977750946829442,0.04522604341172151,-0.31891850562733765
安庆,2021,0.539819580475107,605.2,0.28361900872012613,1.6473465702148418,-1.0705181848496044,-0.03674745868186122,0.23552766957854493,0.01229801193108443,-0.23131641738069186
安庆,2022,0.3257700792188073,603.9,0.7318761437775448,2.0647189758054476,-0.9713367030365082,-0.29337327115344214,0.2564715212461582,0.06829055422122349,-0.24440227775414944
宣城,2011,0.846307645998789,262.7,-2.2337922847140237,1.0233953504288889,1.3586954371029851,0.19585998354500234,-0.02031463517390042,0.7722261475742456,0.19862907046313555
宣城,2012,0.7651322785263602,263.4,-2.1646680376506597,0.9686711056417338,1.0009220699930492,0.17481689529957584,0.23095081708755788,0.3214142134259112,-0.028570282039644207
宣城,2013,0.7755919369400532,264.2,-2.017883791690232,0.8017116353694155,1.1790965727457432,0.18479265910610188,0.2860369454704927,0.3854443515507508,-0.10837397236168403
宣城,2014,1.0489066087530012,265.0,-1.8635859610034835,0.6969719573916416,0.7076025875160361,-0.0054673673667203215,0.32587524630401116,0.1756992178375582,0.10299214786515457
宣城,2015,0.9947277034600139,265.8,-1.8365987998601843,0.5572282834152594,0.5750145239026898,-0.010482466650331673,0.34130847403897996,0.12012715862324375,0.0032798972035598534
宣城,2016,0.8662206770558225,266.6,-1.6159055403591371,0.49873947319289513,0.41481482876473663,-0.057808520464695035,0.20395611081870862,0.2751381344036562,0.1150078720966442
宣城,2017,0.9220631173190201,267.4,-1.2891692545937545,0.3991483151731874,0.27512399584639535,0.12297521873074918,0.19505347838141113,0.38015289076121844,0.06274583803577458
宣城,2018,0.8728241775382742,268.2,-0.4555182374875334,-0.03107037011915534,0.6530602404814706,0.8794903376114596,0.2724396495020886,0.5355484518624276,0.037071482489210356
宣城,2019,0.86193267723897,269.0,-0.5391537606122463,0.1090259720158438,0.4366288091943642,0.5821026661380166,0.2776100458228082,0.6290295362146683,-0.09920693699621112
宣城,2020,0.9480278451976547,269.8,-0.19585278720527,-0.05689824594298035,0.7869860673043242,1.030667162827601,0.32465683356353076,0.9530048931248818,-0.22915647468923428
宣城,2021,1.0640606265165178,270.6,0.22281579727766998,-0.431039354252974,1.2049235768680873,1.4421484273509573,0.4026704233462454,1.0304850926558498,-0.34433288953564106
宣城,2022,1.0813054365119954,271.4,-0.5811024660160092,0.1647971169634574,0.7787264756558303,-0.029160740763330556,0.6342626210518101,0.7285617211990785,0.006043786288894806
宿州,2011,0.6108004002146026,615.2,-2.55762371614886,1.7400578980372536,-0.9086547612496209,1.2588164701762417,-0.2127206034714888,-0.48271856648848777,-0.13778792480296248
宿州,2012,0.6063830238068906,617.7,-2.552302451951605,1.6195186962352248,-0.8352529178201783,1.1782089622484604,-0.12037329681716652,-0.3467278001575572,-0.046010649662478774
宿州,2013,0.46685401974127766,620.1,-2.51305110210207,1.5779813718891393,-0.8316108524559512,1.079006664106069,0.03851215168476724,-0.3084129105248068,-0.04393914326578595
宿州,2014,0.4609987830675777,622.6,-2.3486156521117922,1.5259849441490463,-0.9824571116554295,1.075109854497634,0.16775871138260684,-0.3414544568460482,-0.07335844886676826
宿州,2015,0.37502733976192804,625.1,-2.321131523369055,1.3749407367895103,-1.2411582694918186,1.0135233970668374,0.14198524462950884,-0.2762767140522123,0.024889531435310933
宿州,2016,0.3609916170242685,627.6,-2.013867247791761,1.1706365275596702,-1.605113730226853,1.08867956011968,0.17209326676716835,-0.14816928488934572,0.2768854043512445
宿州,2017,0.4737262577924473,630.1,-1.89229772567447,1.0623317647171149,-1.860476011202437,1.1205771428163522,0.24786668328508116,-0.04175945109227383,0.36113089279473015
宿州,2018,0.5252017142703361,632.6,0.5445059214925673,2.803551804629923,-1.8560335664511691,0.7939914046265883,0.0677557750020712,0.06092725919774286,0.4473769748441099
宿州,2019,0.5749783258233032,635.1,-0.929449007538579,1.4084349103747673,-1.962885626943191,1.0436166512533802,0.416577922789611,0.08388155359527871,0.4556117781406057
宿州,2020,0.6530094842467954,637.6,0.1881091190153793,2.3174577050202942,-1.9403173304440708,0.95378747728661,0.41479300649311684,0.24693892717728017,0.3445576387007628
宿州,2021,0.7259722787004471,640.1,-0.783509824536887,1.413790387491543,-1.9347865457044486,1.0871120350599364,0.7068739947269951,0.3966731084321013,0.378393998244475
宿州,2022,0.6879125255788736,642.6,-1.0842203703159732,1.0390216958421545,-1.8701388521124684,1.183112734748574,0.8734536393233359,0.5637894789578703,0.3684520090699285
宿迁,2011,0.159032932994126,472.28,-2.1551480388832895,0.8065702107929783,0.07181893103976084,0.07015462883581691,-0.8378796353779316,-0.23746972041990827,-0.49378212575061087
宿迁,2012,0.19236245114813835,476.64,-2.032719816065163,0.6505018301796077,0.20293075473635222,-0.005593572527204604,-0.789277251227052,-0.14471221533967146,-0.4379039464900535
宿迁,2013,0.23808760364951742,479.8,-1.9354629774697965,0.5064105932628483,0.3091556526200314,-0.177150911983381,-0.6858428202778445,-0.15791195490158463,-0.2841159437043829
宿迁,2014,0.2357126604690169,485.91,-1.5376211141851095,0.4902001513943467,0.386913235852659,-0.23210244269614055,-0.5564827558186433,-0.35610104187992664,-0.21467429253262366
宿迁,2015,0.26370342460079027,490.22,-1.518198753634491,0.28550468527813344,0.26544466371311637,-0.0751896050310592,-0.6128579968885651,-0.21421957372037304,-0.554371813171356
宿迁,2016,0.3301826600235449,492.38,-1.602826383058663,0.22142565518899543,0.09335107065558937,-0.4065510713875159,-0.4153468479483527,-0.5827362898620017,-0.40729767903414227
宿迁,2017,0.34092208740362806,493.94,-1.0648594481343576,-0.05632601073977947,-0.31067566547654557,-0.034188314606683895,-0.480696316337384,-0.42294071025731944,-0.10971063348261971
宿迁,2018,0.4367470878861814,496.49,1.1529146536504844,1.3893616473135717,-0.20926842849224278,-0.2848170514928813,-0.686745942161909,-0.4273690616019973,0.18556666058201254
宿迁,2019,0.3347648592203926,496.59,1.3071708624958136,1.6666237182386605,-0.4962760685855401,-0.7086205605406619,-0.7603402625324431,-0.2649837447867312,0.19376890015537368
宿迁,2020,0.3244902302355007,497.28,-0.07834499019176377,-0.11048303049751856,-0.41668772285157873,-0.2630852632416575,-0.33480274410852023,-0.48344493860211796,0.5061812769756117
宿迁,2021,0.3626874763504413,498.62,0.1303854744737597,-0.48645250935454487,-0.16180337623129853,0.11315787471467592,-0.3841912780407474,-0.2700065166889819,0.01647321364992943
宿迁,2022,0.42188270432339,499.0,-0.7839583073747093,-0.7216030153195522,-0.2481907971140258,-0.21668876977289458,-0.3612942504685178,-0.1744571130072216,-0.1941054185726071
常州,2011,0.8498116723519873,456.33,-0.8354956165580706,-0.5371185103925288,1.4687841889445679,0.48947189994501744,-0.5700946132138894,0.05882481633669345,-0.0930778259281444
常州,2012,0.7853567290091059,478.65,-0.34088046268785427,-0.7899450734308627,0.9975242450563923,-0.5525763957540201,-0.18778912990417684,0.14594377968549882,-0.18315147031739298
常州,2013,0.8404699653302272,497.14,-0.2226749040943483,-0.9327652948182044,0.7127221778545941,-0.5952719387735013,-0.22285640829952422,0.24130473173708333,-0.07404030406350368
常州,2014,0.8355274612528787,508.12,-0.20779546523876757,-1.3463147126505302,0.36857040679360575,-0.49920422546403764,-0.1241491392629267,0.07901497734497215,0.008982709871789896
常州,2015,0.8305430554286936,516.05,0.13079727941211994,-1.6715266299994203,0.2795883675588914,-0.27898369952357255,-0.05942153133364847,0.016165358263194762,0.06289734137982475
常州,2016,0.8253628214542258,516.68,1.1055844866196827,-1.9869832692718048,0.503286334286848,-0.4386133209293534,0.5006984606718945,-0.8053654954004181,0.8817504602825307
常州,2017,0.8016156599426113,522.52,1.2006697012376302,-1.6154617367937716,0.31345920712123354,-0.012893857555928784,-0.1920612536762206,0.23160114658768038,-0.6531517104026524
常州,2018,0.8220645511965232,524.07,5.390503839648006,-0.24096143144424015,1.2797059855313855,0.5111314136687575,-0.04733303663178562,-0.45107788003746413,-0.06479782124980361
常州,2019,0.7944839632062378,525.32,9.87986201503312,4.818883065006911,0.6245094758562862,-1.4557842063163784,-1.044135335793856,-0.1331387008050306,-0.4570870934118885
常州,2020,0.8146134295850973,527.25,9.650521562548116,3.7425948739211305,0.7524474791600362,-1.2825311173234266,-0.5529097971583337,-0.7016933985927911,0.16650015587873623
常州,2021,0.9479826049276406,527.96,2.7115588970053213,-2.949639633137788,0.9882788176251706,-0.11583351934026116,0.8717945756401655,-1.2593717951509993,0.3790054161607615
常州,2022,0.8548835739271506,534.69,3.4381241184167797,-1.962312881717048,1.0747388738241876,-0.3477089279494374,0.7095440539251023,-1.301737519840802,0.1990623368026651
徐州,2011,1.1561414476301388,658.21,-1.3805330597763974,-0.1997222157203254,0.3257453298591845,-0.9710936378845567,-0.3372390350403958,0.3221801137161534,-0.6791183071932535
徐州,2012,1.1576148683864207,659.23,-1.2332654577234585,-0.36137268191242505,0.24380946175878324,-0.8956867345325117,-0.306320876899986,0.20028585795164416,-0.5475275669761761
徐州,2013,1.1780036133562175,660.35,-1.0643800879753988,-0.565687798136179,-0.1272809975143018,-0.957545775349149,-0.31845364139191956,0.25967592036276116,-0.6147044198204029
徐州,2014,1.20233996557426,665.03,-0.761198233730341,-0.8629860264174158,-0.4511469489053441,-0.782507601996157,-0.30137749120781665,0.2225612310502636,-0.7063554803100123
徐州,2015,1.0922444990770972,673.75,-0.6515944932917891,-1.0085273777023565,-0.648010788230071,-0.8638418852990435,-0.28043780877406865,0.22971170286474746,-0.7073102171058453
徐州,2016,1.0170310977374806,678.86,-0.3750610699776143,-1.2722355667378766,-0.6751963164421998,-0.798435916176385,-0.07863846069912689,-0.08124408249682598,-0.45628576858760406
徐州,2017,1.1590684738901205,688.05,-0.279200192234353,-1.2454774504018136,-1.0333435331114595,-0.6989814465329717,-0.2557202200132045,0.15645337950305538,-0.7015711243045175
徐州,2018,1.0169674618375946,698.42,0.07544191293529856,-1.6325384047316809,-1.0897791455163455,-0.18020018297310586,-0.2947777151704466,0.26177772100017627,-0.8912780633023221
徐州,2019,1.0289946591024535,703.35,1.8372701549714492,0.14355935052942143,-1.141509521534482,-0.8666030170719776,-0.47072818732505567,0.09195471329529825,-0.6926446384474602
徐州,2020,0.9353160049964382,706.29,1.6059242027387297,-0.7835551186377786,-0.9017763446128277,-0.5022663346020972,-0.10707445032604229,-0.29553051774932015,-0.4558406735135114
徐州,2021,1.1061536639146088,709.39,0.6952367236975313,-1.9201321582741668,-0.6716924843357328,-0.6206862844504559,0.3977494449542442,-0.7819658203808819,-0.18793077299424124
徐州,2022,0.9784181609693255,902.65,-0.03217850949684964,-1.18686346355183,-0.5718051553794655,0.3721967742848124,-0.2687197187956842,-0.44346906572304,-0.43420084211818016
扬州,2011,0.5253051150482397,446.08,-1.508302924987062,0.06310299536050168,0.5978621154667418,-0.26172491495019745,-0.35955885471580085,-0.46369928340268224,-0.9557298939092772
扬州,2012,0.49534618231612343,448.3,-1.1499999680804942,-0.2429290244320167,0.5637307203808549,0.14122964246639674,-0.3236658954658016,-0.5702313029349676,-0.9305001001677281
扬州,2013,0.5243088132942413,446.72,-1.1531168459061387,-0.3114757916967375,0.20415003881705676,-0.14190749588609336,-0.4059845758810885,-0.33692891756165155,-0.9627778149224556
扬州,2014,0.5036049858400892,447.0,-0.9397796916718453,-0.5518817215097296,0.07274835864842158,-0.16486665591125835,-0.3071524752134363,-0.47624402892520873,-0.9389554273440427
扬州,2015,0.47746073472530176,447.73,-0.6801864480970657,-0.8572822741608858,0.0356098991517243,-0.2640343261356233,-0.07127071436412169,-0.8257062971779945,-0.622301930648674
扬州,2016,0.7100975811117695,448.38,-0.1901852098363982,-1.341602767884698,0.21506173686514599,-0.13685903739197158,0.3140542849792453,-1.4190369039211648,-0.18206954994214392
扬州,2017,0.7510615195335079,448.14,0.5095352580711768,-1.8378594731188662,0.5041337666421468,0.5108380695472745,0.4376134056236746,-1.522161477615341,-0.14675284955524193
扬州,2018,0.7901803127361982,448.13,1.3377773491165188,-2.3615645492895694,0.7745242077594336,1.3470170726842627,0.39838973562956365,-1.3256782705952455,-0.4095588989286704
扬州,2019,0.7766810609769398,453.1,4.750073141179823,1.6522759638771314,0.17373379328817554,-0.8021883639615521,-0.02630240139074813,-1.6163329898601142,0.05221961643437317
扬州,2020,0.7970139441755875,454.9,3.065307151823831,-0.31978959377730126,0.13123600413981076,-0.30874490409485766,0.3664652062443367,-1.7307801460447354,0.26073230137211156
扬州,2021,0.8061187365068061,455.1,1.5402797797023622,-1.6259187582401102,0.25726397690590064,0.21657665799648468,0.32608952061597,-1.2625408877126212,-0.535603402131654
扬州,2022,0.8269830372898108,457.7,0.46977626545048146,-1.8873728381940436,0.1179675053110763,-0.07638147708738457,0.31337721513901734,-1.14716429263385,-0.7534142234335272
无锡,2011,0.9060876546787986,637.56,-0.09140713857241245,-1.544903396557495,1.1652358567716803,-0.9167844174475179,0.29890375809922803,-0.3302046422299624,-0.0784016034043386
无锡,2012,0.8445004398778774,669.92,0.1155950579877425,-1.8287882284610437,1.1250130344932874,-0.7168054518835483,0.5760539477046567,-1.022344505763094,0.3971001827912733
无锡,2013,0.8693358085519345,690.61,0.45992852300114373,-2.270593915525204,1.282360165138161,-1.1972138721349634,1.192361367420839,-1.7571220336970927,1.3328505483933415
无锡,2014,0.824919801713731,701.39,0.1395982807334457,-1.8962409072936772,0.2769319873769347,-0.7771683576904511,0.11980027902383111,-0.07612442026371535,-0.30831156248078995
无锡,2015,0.7883678781423495,711.2,0.7135967052648112,-1.8952776920718222,0.2642851169196143,-0.8153302904017494,0.22090094068118388,-0.23195403507071333,-0.20685492637113762
无锡,2016,0.8130305830941341,723.98,1.6531360649797957,-2.4441410214755446,0.5247476201982241,-0.6866886538824206,0.8090695492527558,-1.1805325747698145,0.789450673201005
无锡,2017,0.8247452657411486,731.32,1.5303047904396445,-2.444373082206687,0.14794359181462588,-0.0910850146047515,0.02554757553842779,0.18626524962533048,-0.6678664415622773
无锡,2018,0.8673724549861821,758.76,4.437621990761954,-1.4018002496434097,0.9562097079557964,0.3055485800921239,0.21902981600950439,-0.6497240435053697,-0.04970948494577498
无锡,2019,0.8874671736330902,742.5,5.602120581213167,0.4430379294689857,0.27849480817381456,-1.01862543393627,-0.23546608240770475,-0.16754629913685518,-0.5730746460981109
无锡,2020,0.8319823824023074,745.36,5.881519276793116,-0.3224401650305211,0.5210231783903895,-0.7572419341854653,0.18379186547846277,-0.7031648396397001,-0.089077452654412
无锡,2021,0.9161617598286137,744.4,2.735132157395517,-3.7049898949308533,0.7938341318575906,-0.4199995330406734,1.0958760895728816,-1.3322668674470188,0.13892162712257394
无锡,2022,0.8864457220958893,746.7,2.686954503844784,-3.4227605441640803,0.681607981488557,-0.4242952748721812,0.919346955122059,-1.1668398278952412,-0.26121069232979244
杭州,2011,0.5894320128436831,873.8,0.5114407246871225,-1.5377786434361882,0.21737712105718002,-0.18233339604205584,-0.21373819597616767,0.5552264906799744,-0.0433680773677881
杭州,2012,0.5567942692410324,880.2,0.5005865894780773,-1.715442376198701,-0.20706495501946348,-0.5943432226873887,0.0033988315470042108,0.14098212280055217,0.3946583022818865
杭州,2013,0.551382725195518,884.4,1.3254144689938405,-1.8373101285112807,-0.3321579987534353,-0.31213381681773134,-0.09522168385809526,0.3533720029036858,0.5207702240975777
杭州,2014,0.5566810824877433,889.2,1.5684458998239936,-2.0824779667163797,-0.48033650975634246,-0.1857033419087274,-0.039575448655188195,0.21071305190622652,0.3887052082000234
杭州,2015,0.49923509246201286,901.8,1.614787515127087,-2.740450557030126,-0.8291164911094617,-0.45775763322201074,0.2893417976849299,-0.21259622889020477,0.9006888876812521
杭州,2016,0.34152815675241166,918.8,2.2433713029135514,-2.884535953956913,-1.3853401418910982,-0.1868074257165001,-0.04116639521493087,0.3623284105900256,0.6588887871793352
杭州,2017,0.30291713797434505,946.8,4.266346580971444,-3.3950344280023215,-0.9534953018311965,1.5474550489538161,-0.3448698959993078,0.8491575169164143,0.06952489218866764
杭州,2018,0.3689864407314915,1125.4,4.420187129600687,-3.46579717039949,-0.6907974194799719,1.9941694823007519,-0.32235611475772624,0.7980730538444165,-0.11127628667376098
杭州,2019,0.41001286125775804,1161.3,4.476081169047601,-2.6590111908733975,-1.6981579691998212,1.150851566528889,-0.7324851077471223,1.2715589600830786,-0.5241946610615116
杭州,2020,0.3790430440752817,1196.5,5.23227347453854,-2.711230923775926,-1.7640338057660638,1.3171055442090494,-0.6469641641650012,1.0733511513729754,-0.2562346596479802
杭州,2021,0.3845888135863191,1220.4,5.979268935638848,-3.376928670899927,-1.1675396153489737,0.9879988500734616,0.21782820413121068,-0.24083310068813052,0.9051117996016121
杭州,2022,0.37215963821323733,1237.6,4.903951365873424,-4.050111414513136,-1.3722539495119463,0.7732001456131412,0.37243974252775375,-0.2855959899522522,1.0293468610986563
池州,2011,0.6246591364063123,155.6,-2.094605627434798,1.0208206750389168,0.46585486645862206,0.36951029549157227,0.5290595146371442,0.5204416173683339,-0.2806422531350439
池州,2012,0.606439759123064,155.5,-1.8615208949848339,1.1853791324041314,0.38509970914483604,0.0038705886831020553,0.40704511489968537,0.47301034421398497,-0.13133604011788408
池州,2013,0.652767491814187,155.4,-1.9327840150908076,0.7752678258069307,0.41983896091025785,0.13474027886985335,0.6544442089656874,0.6708180178886993,-0.027361185477806818
池州,2014,0.7452128711910353,155.3,-1.6601038517008875,0.798809840122427,0.317112661990279,0.07484074338904328,0.7735079499359021,0.6064656603884142,0.06894490132998324
池州,2015,1.1088687845178502,155.2,-1.7137161670216319,0.5128544592723907,0.11611803637441012,-0.020805365711995677,0.8026800958482554,0.5020195097045801,0.29151878505018064
池州,2016,0.6010234052123931,155.1,-1.561044645975998,0.31634359669185974,0.13798952797871256,-0.04631023026582562,0.6677772571913405,0.5920079527834992,0.5166635679860525
池州,2017,0.8003511537353973,155.0,-0.923401304687353,0.5091975424996853,0.05660608097613398,0.09613405324165336,0.5980952822667198,0.581151219799487,0.5082430904434608
池州,2018,0.8119196089608579,154.9,11.575313575319676,9.660756210006165,0.7511866196747962,-0.7835631297319032,-1.1217753450602497,0.7088805299362397,0.22994856538453745
池州,2019,0.8122784554113995,154.8,3.4293637130199226,3.7703328906876648,0.11351006514248188,-0.48942481003612265,-0.24336050496973746,0.8374308085760878,0.33764022147267403
池州,2020,1.669400687920584,154.7,1.979105280313195,2.1928781256050316,0.2684344770178403,0.13064103185114684,-0.07386414428104304,1.2194313653501208,0.2054091096234491
池州,2021,1.5985116799485588,154.6,1.9190504498877328,1.5129026404256876,0.6239620464680743,0.6018490328629256,0.057331753016149734,1.1980987708786999,-0.15648979854874717
池州,2022,1.4590514393820293,154.5,0.5278315978225697,1.2396856767684792,0.31424815180062116,-0.42376299218321356,0.35290968444012955,0.9886635037283664,0.07785130546925681
泰州,2011,0.7262816770642654,362.13,-1.2577644353854767,-0.15964969366898002,0.9757838583570387,-0.4347995197389376,-0.3624106123195728,-0.02260239070838843,-0.7353770855872496
泰州,2012,0.6382001419004253,460.21,-1.538321861457698,0.21491860584412348,0.8860257023464128,0.06865334597772266,-0.5546724196887027,-0.36864746503300705,-0.2749521906739565
泰州,2013,0.6630788752122379,458.8,-1.3624677934582687,-0.1641348604858046,0.46885639967523685,-0.512877419938802,-0.30898756151971885,-0.3534642674534313,-0.3637661730076139
泰州,2014,0.6694995587260252,457.42,-1.0663758104288654,-0.3803827925130326,0.25291939084075676,-0.49701428632364597,-0.23432125410408955,-0.47396186356187525,-0.20947798644501428
泰州,2015,0.650029898111357,455.44,-0.9474963347895043,-0.6223983699254667,-0.055957036752328215,-0.49393658397576545,-0.17772024382710205,-0.6141256099840752,-0.2301354965821858
泰州,2016,0.7452447429373391,455.51,-0.23791653663314782,-1.26393442693591,0.15454701477311572,-0.5522580700022278,0.3718591120416684,-1.194961695772625,0.7372563842908079
泰州,2017,0.5151363149633549,454.63,0.2967827067276988,-1.0448487907596475,0.6548288242453136,-0.22171532272420028,0.31563368925167473,-1.2885675637532186,0.20362845315041234
泰州,2018,0.5621889046682482,455.78,4.153797403257119,1.2578789864304243,1.1223783611613527,0.05983804410566268,-0.21333902463576473,-1.0656981856909464,-0.33471806277534233
泰州,2019,0.7928805370537325,453.01,5.9953943799038045,3.3522769967797794,0.5542728752542616,-1.116396819227229,-0.5453860051820616,-1.0297614572228122,-0.23889244853735087
泰州,2020,0.5205744979843696,452.2,2.0871411020139785,-0.5643044081974065,0.5225143636732787,-0.2484342014353193,0.2232945195634955,-1.2404050383950602,0.1016148910195987
泰州,2021,0.6286558883518356,451.68,1.3955174561139225,-1.366955373674553,0.43330192488422115,0.011856219703271526,0.14243757888406167,-0.8936877522904954,-0.45157780821422516
泰州,2022,0.6538034989018627,452.18,0.7120828220251819,-1.598050922756701,0.4113951906296953,-0.10746220623878912,0.10800375421362479,-0.7380166824198449,-0.7418804169427494
淮北,2011,1.454987542831084,232.5,-2.1363508049414657,0.9004140552518544,0.2877043062205188,-0.32773436847764725,0.19027994525566622,0.3609130808610959,-0.3223202359829235
淮北,2012,1.6578707124028493,231.9,-1.992041176465261,0.776637852494746,0.2920420523320565,-0.23203505569196967,0.3870071565155801,0.28478385953913,-0.35148124914590523
淮北,2013,1.57648407215535,231.3,-2.050201505547167,0.7770788392988389,0.34686901629095457,-0.475254979477623,0.31723007379422824,0.03137636306157551,-0.4750143831538852
淮北,2014,1.5993044517872037,230.9,-1.9577780337556527,0.6491495328116447,0.22461697798992444,-0.509743528314883,0.18835647848357356,-0.02852687075921717,-0.47065593497967906
淮北,2015,1.8233024316596729,230.4,-1.8004425602419702,0.5242941339245148,-0.0407235643403986,-0.5901071384432622,-0.06616188596861772,0.039543885267620316,-0.2999721599171307
淮北,2016,1.887464824166613,230.0,-1.6851089835306632,0.48282649674462375,-0.1561965937714337,-0.6447076130234745,-0.1568540197044283,-0.0443484761755428,-0.30289644038976105
淮北,2017,1.8400794124570434,229.6,-1.5888811696491203,0.21193031982527127,-0.32673258763843727,-0.47252122235615296,-0.08963996360714122,-0.13235259729365428,-0.3156440187375305
淮北,2018,1.7855666823667944,229.2,-0.6005145302897558,0.1706702118148274,-0.4897055589097222,-0.06791796144593265,-0.09559369344122909,0.009781360562916591,-0.04941991254842422
淮北,2019,1.7870206983575398,228.8,-0.5264744197463453,0.16850263154733897,-0.9763786440555253,-0.18732423435022819,-0.153421053344591,0.19006942838119045,0.1573062604651384
淮北,2020,1.406502537971465,228.4,0.13601820237874573,0.3506369345136283,-1.0049961261726787,0.09762697143525906,-0.27068316644844925,0.46054295215160396,0.018622158959529747
淮北,2021,1.7890877711207227,228.0,0.07318089405656503,-0.16444564170129375,-0.7923426544457293,0.34044873148069726,-0.11991900678845269,0.41997679795075454,0.034968376628619985
淮北,2022,1.8699415816570206,227.6,0.08528158586533507,0.15498796985852675,-0.6078091148854879,-0.12179453916645314,-0.040988299824398,0.3549685911572806,-0.03363535284732956
淮南,2011,1.9881377461029277,338.0,-2.216375236279754,1.3249149685262878,1.8032604574800568,-0.46618761591157065,1.2919534065517824,0.7692451076367235,-0.8712503921303424
淮南,2012,2.095258830899986,338.0,-2.2079502512563884,0.8886135308839535,1.2234702582976613,-0.5773589657894524,0.2232575124645279,-0.0504564936734634,-1.0753226099901823
淮南,2013,2.107802164993479,338.5,-1.9955466289592265,0.7771199201647506,0.8615506243693244,-0.5083974830028145,0.23857583401028454,0.09302194994635554,-0.8197495989102279
淮南,2014,2.120290663876877,339.1,-1.902395124100304,0.7822203332951271,0.21484239984948525,-0.49486734885854394,0.019064733473504902,0.2927163490770162,-0.32939595779278885
淮南,2015,2.2119565142448074,339.6,-1.665321293921413,0.6571936681249951,-0.19707051545877913,-0.3742471386108751,0.014168254890207621,0.6662452514924471,0.18702389041461076
淮南,2016,2.0352724074811466,340.1,-1.2240270996791,0.5925570532226079,-0.5683053939028752,-0.36070967122178954,0.013176847513545975,0.6273237415389874,0.4742380411227757
淮南,2017,1.9173370172534263,340.6,-1.2623163408361127,0.4378212959744777,-0.8099685709122053,-0.3392265289661448,0.07451067986160592,0.5220098741649359,0.4074916601134324
淮南,2018,2.0429815967036102,341.1,-0.3351354141644303,0.5863919607333179,-0.8900718252129337,-0.13728695464966778,-0.3199624440162076,0.46523846156496035,0.3484330679270387
淮南,2019,2.2624459227810303,341.6,-0.5608473140662016,0.5491943491068904,-1.0666294795192217,-0.46568938774735524,-0.2980811588859418,0.41726001491023407,0.5320636703591605
淮南,2020,2.0447446324918355,342.1,-0.3414397066105428,0.5898770790909379,-1.154739132118653,-0.1732157280436477,-0.3883564122707437,0.6420131352627558,0.2819305435831911
淮南,2021,2.158604835549776,342.6,0.1409819392368873,0.6439539204877133,-0.8786411429312156,0.030067035412176146,-0.3387401521398328,0.59643213155148,0.09633890795126038
淮南,2022,2.29864261611171,343.1,-0.10582997855018983,0.6542574481704468,-0.7322059668065984,-0.23618829186193213,-0.21603130712255653,0.47210632674102143,-0.06075694599946344
淮安,2011,0.6609955099918341,480.4,-1.6846791893196071,0.6891432868687467,0.11123289746498977,-0.026812110120813026,-0.820047790539324,-0.05945003451570029,-0.3807922651537732
淮安,2012,0.6685792552925576,477.16,-1.4588683260645285,0.41471003256587446,-0.07360110561496643,-0.10743494678059054,-0.7286393929170979,-0.1164616788478967,-0.44965991048078213
淮安,2013,0.726576994508976,475.66,-0.7693954939468735,-0.6196739047058368,0.4808118454696766,-0.12030990012727975,0.3353978755870684,-1.7503387453874786,1.1686279765824668
淮安,2014,0.6886630567625387,473.84,-0.9195560763294393,-0.3694071887164832,-0.24069990468035427,-0.030620409879090676,-0.2967126801943991,-0.7431737147470998,0.10643606385482848
淮安,2015,0.7533215039071577,471.69,-0.8947489624890743,-0.25549648273820225,-0.7897281882595831,-0.28514007981477063,-0.4864726491963523,-0.46031053498205776,-0.16465676064605572
淮安,2016,0.755843419883483,469.45,-0.588876371429389,-0.8434099036762107,-0.6456744724198066,-0.21407653186198952,0.06620951607366399,-1.3384275125158354,0.6594133193416737
淮安,2017,0.7480363080696731,467.27,-0.2009984982741001,-0.5011772895353732,-0.5857433538235405,0.2824524523156605,-0.32379175309586594,-0.7351929906550754,-0.026801015763947333
淮安,2018,0.7781441980552071,467.12,1.475353732736132,0.5029540144210474,-0.49166020358954543,0.15612701190039502,-0.48829535862761386,-0.7049945176741692,-0.08558884015315929
淮安,2019,0.5800999690111158,464.63,7.066029511534311,5.531318059013683,-0.7647923794417096,-1.364476592295464,-1.3181243921133483,-0.635219125300252,-0.14690728757648788
淮安,2020,0.6333336284542412,464.09,5.067137257534264,3.3956453757145,-0.8195527881302445,-0.7240311442486043,-0.9693227934348743,-0.6834618738750406,-0.06195874200901977
淮安,2021,0.6958698446593536,465.82,0.14117353697333357,-1.0022192368656548,-0.7669698990711703,0.23757992309546172,-0.3208851241753119,-0.513550001560745,-0.2329035384982864
淮安,2022,0.753024630538824,455.22,-0.09209993203170497,-1.0177039781487491,-0.7217976413301811,-0.07001515520006052,-0.30373503681853986,-0.4049142486242558,-0.4602291584702937
温州,2011,0.22617951537689132,914.3,-0.8981257177302282,0.45314664185077635,0.38538352518671115,-0.8848790875645949,-0.612203093497822,0.7468452092974558,0.2551019841310135
温州,2012,0.22723303706132666,915.6,-0.5356288148500805,0.4872071436583517,0.15927144755894346,-0.8898724618438305,-0.5414808301456585,0.5002641196850046,0.3814394577856478
温州,2013,0.2070044452135138,919.7,0.15807139149256677,0.7687609597603166,0.007579063679531622,-0.9936026366222037,-0.5243949273980328,0.3398950378201803,0.57325498824679
温州,2014,0.25950993491336705,906.8,0.6953943048759305,0.866120858541659,0.13050700915974586,-0.7587596893213491,-0.537191749107177,0.2528164477464499,0.3227235256696469
温州,2015,0.2589582289516959,911.7,-0.190551773086987,-0.2421867501498743,-0.3265983186178979,-0.5340057368617058,-0.3689105993575873,0.17494419222618818,0.420152450731065
温州,2016,0.2146454187057131,917.5,0.5296421591086361,0.1690691133207976,-0.723606336414246,-0.8608485152991445,-0.45132042396482347,0.22110916379045792,0.7772057913512217
温州,2017,0.29613781123441946,921.5,1.1184488245637012,0.6864381469679316,-0.8766540024455751,-0.8310516371002783,-0.7135174992287164,0.47237015938736954,0.3723440214583369
温州,2018,0.3173265180812006,952.2,1.4658044670040438,0.07638614881859829,-1.1898438062608419,-0.3218797757879759,-0.7466983457374048,0.6075900310625171,0.5773632004035276
温州,2019,0.33559029000480106,956.1,1.0505656942602952,0.04353116721138617,-1.0046963543093055,-0.6987697014221127,-0.5475382260694195,0.31595732628299844,0.3191973790434767
温州,2020,0.30926861345748186,958.7,1.8082785257023155,-0.1890908936553753,-0.8159088572398572,-0.43262490466738335,-0.3036677890224849,-0.09912121330923032,0.7867921230643391
温州,2021,0.3872036458245438,964.5,3.1162154748694157,0.6530767046241277,-0.5531827276621495,-0.717190341953456,-0.32720119483298205,-0.2426864434313199,0.8763406078108227
温州,2022,0.4133138277015608,967.9,2.353525815723747,0.07614453012581285,-0.5976635825490041,-0.4427353604693307,-0.3368253714195176,-0.07081925340413686,0.6450159518003585
湖州,2011,0.4998654682995254,289.9,-1.2959714415390602,0.3195491474526695,1.676848010935464,-0.30773229380302225,-0.44120793592264906,0.027426958976735638,-0.09632185434504391
湖州,2012,0.4633767270914335,290.5,-1.178767614607038,-0.020400257626004836,1.810544407195607,-0.3139377507080563,-0.28475078304966595,-0.03186348500951913,0.11275379070624358
湖州,2013,0.476072281983444,291.6,-0.961299803713196,0.08136148617194189,1.5974522454030908,-0.7024928622014338,-0.28212796820309793,0.06854961217821282,0.34128979584327124
湖州,2014,0.47807675443872516,293.0,-0.9477631168576481,-0.3353599882825736,1.631550511195823,-0.6404119723343419,-0.08765031524635414,-0.15054818062563113,0.3807235501701705
湖州,2015,0.49188120305818844,295.0,-0.3910841181360161,-0.4286461919361202,1.5483768131551903,-0.7184681136306745,0.06477382152334527,-0.37875673182589653,0.648951597480769
湖州,2016,0.4577439098856947,297.5,-0.539989774060256,-0.6188737496713723,1.3615575061845335,-0.7979739509932788,-0.059653351963511014,-0.0008304025402980364,0.5439347758642007
湖州,2017,0.5339615861005522,299.5,0.0499284989652764,-0.30194529331347053,1.2262617475640059,-0.6319586907498951,-0.4151476533915151,0.5353646963314185,-0.06572700998676785
湖州,2018,0.5611838372566982,325.9,0.6276879895048694,-1.2005730064842386,0.9429527719626251,0.29223042258691106,-0.4676642053162194,0.7207019948707905,0.32189328826513736
湖州,2019,0.5585589357084492,332.7,0.26391248497603426,-1.1806121922566835,1.1899000152823835,-0.04827012477483114,-0.31824291106659985,0.47745684227742574,-0.2775077799756665
湖州,2020,0.5851801325912229,337.2,1.3786935859163099,-1.5330362947188134,1.5650534391585287,0.5358739592361348,-0.07881753982114142,0.1047110255180288,0.18476269127422673
湖州,2021,0.5879171054694283,340.7,1.5457686980963286,-1.5222061524121444,1.6732324947060193,0.08163046071997221,0.03880064130134586,-0.03822450843209593,0.08228680916072784
湖州,2022,0.612815094782561,341.3,0.9540994321604196,-1.5465042429713884,1.4413299636725194,-0.168519633956492,0.015030725868476702,-0.0011908647934170402,0.0241339244780229
滁州,2011,0.34911579672102144,399.7,-1.9558205848307688,0.874861456308002,0.1776726663038795,0.5407497116193614,0.2711090686240006,-0.006781188906075569,0.032792074598074705
滁州,2012,0.38153810233919433,400.4,-2.0772786813754713,0.9797411377388893,-0.5030558900540798,0.48726543164553254,0.23987719279949787,-0.6749906888173045,-0.3391742634407996
滁州,2013,0.3927559061311394,401.2,-1.9612765028844596,0.859491965006547,-0.4416548797342945,0.4324054324472169,0.4143801413376476,-0.6652827014085065,-0.35060085875020375
滁州,2014,0.42028019303972974,402.0,-1.967716979459683,0.7781169163836651,-0.02731701019087241,0.13984032743982078,0.32229841836175194,-0.10486143443480446,0.11648687323327381
滁州,2015,0.4437814826736882,402.8,-1.591168963003995,0.8809185100530498,0.08700280291618026,0.020269200948348776,0.4154724939171182,-0.29181512173363733,-0.07667555222080014
滁州,2016,0.49574720041784703,403.6,-1.5634750171395049,0.42016139900960336,-0.21088051388401896,-0.026625988414200358,0.5819835290495454,-0.38956220418005877,0.289709928390357
滁州,2017,0.6814569579090458,404.4,-1.4677964601584579,0.2766368735014675,-0.05564904195087369,0.19454842658961163,0.6827329508885569,-0.20337734923055162,-0.11952033498919465
滁州,2018,0.6729545451138343,405.2,-0.035700788165933584,0.6819074445108969,0.308002553238079,0.4204741998615978,0.7515541256430613,-0.2764890480319845,-0.14083132206365145
滁州,2019,0.6732460250358776,406.0,1.0906957077704948,1.8081126180296283,0.09570409319628156,-0.04877587958307081,0.642933151654111,-0.08332306560537718,-0.25320412822484284
滁州,2020,0.475738901622887,406.8,0.19392435624431503,0.7802951931623648,0.2551428878032951,0.4528466154920146,0.7988429735038645,0.37030949187731527,-0.45153297638592205
滁州,2021,0.38366559061522587,407.6,0.48594930486925236,0.8322931368592187,0.367563092289543,0.13750023839364145,1.0011764796170213,0.2058052104038165,-0.2944752575218603
滁州,2022,0.4225329517367122,408.4,0.28088760623334574,0.6865402847300495,0.5135709605642188,-0.11966055532013929,1.1258563007973146,0.27596262659107307,-0.34372749844751443
盐城,2011,0.2113451479259423,726.4,-1.7330582979799174,0.5580224677326782,0.09552914502422352,0.035987743121919685,-0.7169917515528348,-0.28334625541865877,-0.7319115734735074
盐城,2012,0.22020647535126042,762.42,-1.7789546773249745,0.4080837126287541,0.27538019689410365,0.21637376930315566,-0.7585557958641969,-0.2080953043808235,-0.5655000434138509
盐城,2013,0.28974708042507463,684.52,-1.4361271032497762,-0.07260498977779026,0.40372780354673177,-0.341250061279583,-0.34139861843272373,-0.463176241894844,0.07720209878512155
盐城,2014,0.3355859142177495,686.93,-1.4485347462800882,-0.05291427084944747,0.049856621618762836,-0.20713133673249284,-0.5915031968590354,-0.13435753607163628,-0.4457590621039828
盐城,2015,0.5760775053679987,687.52,-1.1040154426175848,-0.11550918928633336,-0.17879416472812457,-0.18840659708852608,-0.5898885603091777,-0.18958788841651036,-0.5342935500260672
盐城,2016,0.6935000180961933,665.91,-0.9314589729175019,-0.3545270552042443,-0.29842400060726515,-0.0640426072072326,-0.5531395026744177,-0.136022495481952,-0.563359291566828
盐城,2017,0.665803596402903,666.96,0.30781310016266394,-0.16864571193374284,-0.3828867253068846,0.622803012610301,-0.7467215063955209,0.0066106484478710426,-0.7523374961494351
盐城,2018,0.679549330647692,667.12,1.7071855531738684,0.6207759415700781,-0.19161831329747225,0.5716358821128549,-0.8814061534461641,0.05781913254901136,-0.7859777977943753
盐城,2019,0.6884874717930273,668.98,3.7074398974281833,2.7747701286695197,-0.7004565760314178,-0.5110943345370875,-1.1733234266171024,-0.03897941487156875,-0.48300962149580495
盐城,2020,0.6094543795170977,670.04,1.8230422665705999,0.7905497067409345,-0.7729912802320926,-0.047239448818501034,-0.8611233740254178,0.01514923934148038,-0.2792205261439597
盐城,2021,0.6663786426566727,671.06,0.5633909045846145,-1.1134316515397735,-0.3016544338201546,0.4790955519889409,-0.32092096548193866,-0.36324386131324515,-0.04819902987472284
盐城,2022,0.6017656648377285,671.3,-0.199002360039361,-1.2256964477510432,-0.41215176281444577,-0.013135554569905616,-0.23967823778288916,-0.4095351188732753,-0.05378903784329876
绍兴,2011,0.5013156086178406,493.4,-0.7968751231501576,0.28156406071180573,1.4633594183954965,-0.4618996966785204,-0.48880417728861797,0.2529418502503271,-0.427748037329203
绍兴,2012,0.5347136210359481,494.3,-0.9444524036061931,-0.10128546077721501,1.262832022583824,-0.5297772950727082,-0.36946906976314714,0.1443303336698526,-0.276288224480437
绍兴,2013,0.515550752290466,494.9,-0.9272312520356059,-0.19090168785756778,1.0715578878151508,-0.8868026711979975,-0.21489458525938934,-0.07826103600994115,-0.0025359295827364348
绍兴,2014,0.544232298329995,495.6,-0.43507509081273976,-0.47584751542338966,1.0671083962351213,-0.7330384038358584,0.014690729521954216,-0.5057426518185553,0.2486558929427311
绍兴,2015,0.5450403300664594,496.8,-0.24967089672363607,-1.1152611731058562,1.0883154722032011,-0.8564427138165329,0.5207562365600891,-1.2240383509770982,0.962170426540247
绍兴,2016,0.4859518592737789,498.8,0.6297041995794036,-0.5171990496976127,0.8920582373534838,-0.9607714341000599,0.2931765349414917,-0.9867629506735445,0.7051836906103036
绍兴,2017,0.5327511567182465,501.0,0.3439485924381688,-0.7276927209843506,0.5484907618337707,-0.7563176797936157,-0.08845365311909059,-0.24462562663622894,0.05736074009384967
绍兴,2018,0.5302001873650309,522.3,1.1591538134085737,-1.3082579259122835,0.7790538882819319,-0.24158297587529165,0.09747088708051271,-0.371567504778602,0.3904926887351858
绍兴,2019,0.5316565739777839,526.0,1.0955356748044434,-0.825100858924273,0.3293302268780256,-0.7442428798560148,-0.18427972376071847,0.06423933900652709,-0.035339399097789125
绍兴,2020,0.5141276685557475,529.1,3.0859478455141542,-0.12228754163875724,0.29980899096440183,-0.740208007967823,-0.06041271882157462,-0.46621477219950547,0.60306037802329
绍兴,2021,0.5775329540869777,533.7,3.4561995883481735,3.1642026114997446e-05,0.6807928234809763,-1.3073273048391232,0.3154694801116858,-1.0970128580481076,0.9035678034892134
绍兴,2022,0.5778153686487374,535.3,2.940664020158084,-0.4621458449226046,0.8341599404718902,-0.7532575608991481,0.22610587001405408,-0.8921784854738148,0.26846127121858476
舟山,2011,0.4961003190347494,113.7,-0.6493097454499639,-0.7002793596454457,-1.2287056435006547,0.334078507273794,-0.7552619266102556,0.08978665776356654,-0.7392863377626673
舟山,2012,0.5015724148256626,114.0,-0.53790597282437,-0.6708400410530773,-1.4981178886776583,0.03876601292273557,-0.6456223999229624,-0.19193645757901523,-0.719428772290161
舟山,2013,0.5018891361116863,114.2,0.19244424539786997,-0.8673068638335463,-1.6548419665775114,0.4387347465137627,-0.6922385519628929,-0.1666332474425464,-0.6490556789704666
舟山,2014,0.60026424064825,114.6,-0.30393154177690807,-1.063137206334681,-1.8514489460878376,-0.04270583966899624,-0.5267309439985589,-0.392625029109425,-0.5306425413701894
舟山,2015,0.7660732743352012,115.2,-0.16878506684014338,-1.3201038806881984,-1.8350498489098532,-0.014883427824199907,-0.4095313721181325,-0.5639977683856539,-0.5756392234173726
舟山,2016,0.6826431515872112,115.8,0.02377825935018074,-1.278313134459745,-2.365230211518035,-0.2759362659417557,-0.5437573317984105,-0.34112596861352507,-0.4927859144685105
舟山,2017,0.7084405923836516,116.8,0.22922590288010591,-1.479968668443934,-2.164915087622875,-0.13686204535449648,-0.5330525588645231,-0.1466829936935809,-0.45012890094785285
舟山,2018,0.729272737674291,117.3,1.4113583198630009,-2.3980345590036274,-1.776525442185512,1.3748191062190156,-0.8295153718558106,0.6712122405972827,-1.0781027149687468
舟山,2019,0.9155007151788764,116.5,0.6777804491950598,-1.7221623351556765,-2.0090115356133618,-0.2462922452923686,-0.6591567191369436,0.42911876846787306,-0.7808244849733088
舟山,2020,0.9384759368510347,115.9,2.664262050347449,-1.6831737154816442,-0.19999132250634535,0.7608688761706313,-0.626962154159193,0.648057549024482,-0.8995440484424256
舟山,2021,1.2810292090589623,116.5,2.003156344383506,-1.4514479379775005,0.2776641154222206,-0.48859366982118313,-0.36438507406433734,0.43782100668707763,-0.876712148273571
舟山,2022,1.2019451029370438,117.0,1.858745075362549,-1.2570087393141567,1.178157369684417,-0.5169205079800272,-0.39219677749258974,0.6646196339312476,-1.110870462561111
芜湖,2011,0.6571453417444006,362.4,-1.7209641968988008,0.5918433955023219,1.442621274178871,-0.06438747234744069,1.3258781267832034,-0.6608429494142761,-0.979516545011131
芜湖,2012,0.6873825206229421,363.6,-1.6029021711169085,0.4145961404315194,1.7872116908530873,-0.3020409378247722,1.597471400212458,-0.8279781165597626,-0.8128051480624096
芜湖,2013,0.6344229988954626,364.7,-1.3709208935783814,0.1333407108702237,1.5546899648444714,-0.35422158782394586,1.6354186851476467,-0.8283859227837695,-0.5556683129669753
芜湖,2014,0.6440361006899096,366.2,-1.3195563749848258,0.031780861897003576,1.0560967353188337,-0.4931210693968996,1.5097768372240734,-0.7367933264399984,-0.5152853800214516
芜湖,2015,0.5904739039416423,367.5,-0.9871280213921064,-0.3479658057279699,0.4385973793870487,-0.47937957364107187,1.5272331667020658,-0.7122253762759625,0.14090789341570156
芜湖,2016,0.5609857189148832,368.9,-0.5923341450581175,-0.6805550766817345,0.47705218635642443,-0.4740231097273052,1.7005736371907063,-0.9787820749897966,0.42567069316760564
芜湖,2017,0.6161704750829727,370.3,-0.333102021338745,-0.9308164285677502,0.3454550154894238,-0.34825508296929003,1.7926701255823194,-1.020379260207708,0.5640218288839021
芜湖,2018,0.6402663129840203,371.6,2.63587485004299,-0.2571235205546294,0.7143709961529756,0.6008572319978442,1.6840192520066122,-1.1114222119494783,0.6581756586236116
芜湖,2019,0.823928479968634,373.0,1.79519897217323,0.3159193406329699,-0.14030098573393873,0.014655366761915894,1.1775825049313435,-0.2251727308207609,-0.20206415442099598
芜湖,2020,0.7759228352743531,374.4,1.9405782839350487,0.31163245910230075,-0.28020058969011585,0.22805797172902348,1.0889872763893593,0.1135510528691881,-0.506816906950568
芜湖,2021,0.7977277206171484,375.8,3.079731117916622,0.3108541126474641,0.06378564031890016,0.5974264997984993,1.154460314737641,0.04204513563338008,-0.5877083379771034
芜湖,2022,0.7972277136866655,377.2,1.6201128762154493,-0.1704390352061067,-0.3130797304954481,-0.2602691016237237,1.473559806618423,-0.10996063056682906,-0.34528591649235457
苏州,2011,1.1472638863274405,1046.85,0.48906371234395085,-1.674361658295442,2.8879410886927324,1.8582009930870511,-0.21831626307411586,-0.5090614653353236,0.712539404958415
苏州,2012,1.0857045576126314,1110.87,0.5257797769675351,-1.8732140629139966,2.5719777916599,1.5111546681821988,0.04911064630061135,-0.9560539331125781,1.071045015219171
苏州,2013,1.1314627623084454,1159.42,-0.02266830718945223,-1.2312337645615044,1.4718355857330183,1.5399835365406547,-1.0416982997566275,0.7096546709217386,-0.36344158232042206
苏州,2014,1.1088649410571292,1193.55,0.6595353131752891,-1.9683105070979132,1.6597583508713738,2.0404607254736122,-0.6136505408908678,0.02699589814341047,0.2768239163216601
苏州,2015,1.0917229664111847,1220.57,0.9914031592613414,-2.0456946449172597,1.4501198640522392,1.8943552367309524,-0.5498634628993968,-0.025199442825807383,0.4259560308747501
苏州,2016,1.0939313236755217,1220.55,2.569538444484551,-2.2955104693844905,1.8876661486522777,2.4195623628578184,-0.25659650037255044,-0.5831240957034278,1.013952297020312
苏州,2017,1.0988238052464396,1260.6,7.328590200621306,0.4497655862217238,2.5180978977069364,3.6890647350804064,-1.513476707650441,0.7113896373716306,-0.7499015157819249
苏州,2018,1.123963774922721,1261.9,7.738747617862156,-2.4299442807936704,3.919835573858543,5.733571491897198,-0.5779515670253506,-0.2211173667916662,-0.28852798543704605
苏州,2019,1.131483835481414,1266.99,5.942814992029336,-2.0627045938521342,2.5233046335234537,4.293638595126514,-0.8984108667442361,0.25260583913083384,-0.6500497097982924
苏州,2020,1.088461924172088,1270.75,5.45228189539042,-3.567242385678635,2.7797784142703805,4.556953272659819,-0.14822807788352538,-0.7097291860352128,0.16513652484076907
苏州,2021,1.167330429166181,1274.96,4.472268371533153,-4.561315467155988,2.905422355259255,3.735584850753213,0.6255323942476056,-1.774492997965053,0.867029560907641
苏州,2022,1.2061140672906183,1284.78,3.8101821852128213,-4.553886462464627,2.6471177477182706,3.7217103725077534,0.48228443960893114,-1.575938985715422,0.5344771458939748
蚌埠,2011,0.4474578368799441,368.1,-2.1345636137625985,1.2758714670599,0.47021793534077716,0.6936993688369153,0.6593269993164015,0.2880855061566728,-0.39750051026746586
蚌埠,2012,0.4373023700044712,369.3,-2.0037185617442717,1.39959258987867,0.3655280695816523,0.6457448053575838,1.1493567335774564,0.17932141306767546,-0.35049839663879273
蚌埠,2013,0.4619755377744533,370.5,-1.837061923464261,1.633900047308015,0.2980579862597632,0.3313834766228502,1.581050502443326,0.062361205301337735,-0.19659915546076262
蚌埠,2014,0.3389282966421094,371.8,-1.8785783338289597,1.4499543876733805,-0.20204777683507627,0.5380263833970507,1.8168651766034674,-0.30299743301735593,-0.739795744652987
蚌埠,2015,0.36708956532883796,373.1,-1.6169046796770705,1.0545153878256648,-0.7709425084520575,0.6511599847805585,1.685788895944821,-0.25045206357347727,-0.29480554260815717
蚌埠,2016,0.3795078955482336,374.4,-1.5086838273858247,0.8821035110822645,-0.977903119187287,0.5108229556627106,1.5759098044522735,-0.28586309631686124,-0.12096575981905994
蚌埠,2017,0.35685326101726267,375.7,-0.9626169066021599,0.8776345352421496,-1.0630819589861304,0.8052723545907425,1.4767923164750114,-0.07454456764307696,-0.2833890600993956
蚌埠,2018,0.4183612572556593,377.0,1.6862335953454424,2.823972430146536,-1.1442947125670078,0.43376722987044697,1.4442015223687183,-0.050961038658441066,-0.12241366273675235
蚌埠,2019,0.5485964961760945,378.3,1.268221362606743,2.372931803520613,-1.518912793365602,0.36181676419639913,1.1830437308294088,0.042876152466173933,-0.09198549681162657
蚌埠,2020,0.4116454775785279,379.6,0.4863690125577854,1.8079476079504047,-1.7222745616330284,0.5632223353642902,1.3226113669059238,0.3494829325722561,-0.1699235193530853
蚌埠,2021,0.4707089452308568,380.9,2.2838816488650706,2.5423803029834047,-1.9524558606572466,0.606827817739154,0.7501368418529013,0.5911128206212246,0.33736435375962753
蚌埠,2022,0.5388896563282892,382.2,2.000161821249736,2.326372925370603,-1.940632950005842,0.5576500263929978,0.8930847923335448,0.7647124892436903,0.41998915097390777
衢州,2011,0.7661151491876336,211.9,-1.955971048083955,0.6359618642493008,1.8959527662505278,0.05759238038158193,-1.0045214696577267,0.9530164215669525,0.3950295096827884
衢州,2012,0.8861426966943945,212.0,-1.7926766000552368,0.46387549619041,1.4896333275368019,0.08153775800601804,-0.9340103061576468,0.7176203633693954,0.6035195856585931
衢州,2013,0.7959196016484337,212.4,-1.5506138841383619,0.21587998854118068,1.2055051249513165,0.22263055069240795,-0.9958917619915251,0.8836225151090451,0.7898168956861285
衢州,2014,1.1880558351262323,212.4,-1.2885404610975812,-0.008801860065463019,1.019557623345619,0.5394421023537654,-1.042425505629864,0.9268147057081872,0.617203603637637
衢州,2015,1.1821757812363796,213.3,-1.4024247947631512,-0.08445349967867338,0.7915624119895571,0.11826530259780632,-0.9563920468238387,0.910374522222537,0.9398246988162381
衢州,2016,1.187030833082186,216.2,-1.0175329767420767,-0.3661088427529997,0.5694354824196796,0.2707872869390128,-0.9564043158180664,1.0290584942415797,1.024691343514426
衢州,2017,1.1394159732725393,218.5,-0.952379682455497,-0.3631155969546215,0.2854885675282661,0.12425788208703675,-0.9665864737105929,0.9986236472452237,0.9859124257248951
衢州,2018,1.1985612179782368,224.2,0.09436290245831624,-0.6391295519640372,1.023610622156356,0.7386542792875226,-0.9095247154367132,1.1859402773968513,0.8452359707137497
衢州,2019,1.161948692561915,226.3,-0.33318605424808156,-0.5273084699348168,0.1417316768823347,0.12295945498028055,-1.0930600529378067,1.503430415570928,1.0678348102571067
衢州,2020,1.0768525206515656,227.8,1.106653952968991,-0.8123631930324688,0.6101783301474271,1.2160662006102574,-1.0798729286933153,1.4450737645242666,1.0225026306630562
衢州,2021,1.1223054690744596,228.7,1.8095575206116048,-0.46761380235996464,1.0031609959590617,0.9425610836305922,-0.9050208860603257,1.0768796951765311,0.9147066706438675
衢州,2022,1.0085474228569609,229.0,1.6331409336464513,-0.1676738780777136,0.7712217772969792,0.466086620577333,-1.0107667669610598,1.2471447729673018,0.7004710032085072
连云港,2011,0.6685262482321518,430.71,-1.6701037625103354,0.511444674499558,0.1527379415682032,0.1603873566410855,-0.792254609858178,-0.029963147036735804,-0.51648068863557
连云港,2012,0.6930683386189769,443.95,-1.439276021874952,0.44826816544265,0.13387307707553012,0.21955526551050625,-0.7829642261867461,-0.1525352166761695,-0.42606701184477164
连云港,2013,0.7318125876314431,443.4,-1.3292349170095914,-0.06850136660627351,0.1058833154175774,0.36453528831235055,-0.7463445877980812,0.08403376545404706,-0.4302866033036576
连云港,2014,0.8459227332781093,445.98,-1.3118157691083294,0.22602789995829453,0.01865554780876122,-0.08892024005446507,-0.844686109248824,0.3186782322443022,-0.4257639217380099
连云港,2015,0.8328500211946722,448.77,-1.083963784673702,-0.25104305922857684,0.10089400943763,-0.24476335243592984,-0.36396069727844793,-0.40759098757966034,0.27961339940182295
连云港,2016,0.8227905669774696,451.3,-1.1220032527973436,0.0012464371485870762,-0.28605470443385334,0.06640943945903477,-0.5768648280141058,-0.3857862838620676,-0.3719546999453689
连云港,2017,0.8650936883497533,453.83,0.13475938141339872,-0.22328695940746035,0.2542382186601916,0.998839959069822,-0.6867265726688001,-0.051575000481188515,-0.591344938115735
连云港,2018,0.9096528627106589,463.43,1.206810733311483,0.22170051019872994,0.12300324864299134,1.1321926601981522,-0.8046263905414966,-0.04110409670585535,-0.6749161698731266
连云港,2019,1.0798984992434981,453.08,0.7332961469423888,0.5394221629883084,-0.37926193204611613,0.10743360671642693,-0.7064181784736646,-0.19574676914740313,-0.5396776277042556
连云港,2020,1.0252447816170198,450.0,0.9078384845990656,0.2527634952653992,-0.41354986886297995,0.10685576658090451,-0.5713466247021554,-0.2906439839121322,-0.3079087766862721
连云港,2021,1.0463156565981246,460.1,0.012216747197110744,-0.7919040397132248,-0.22575472428916923,0.6462660541176288,-0.5119150536976356,-0.17603484746206483,-0.6589923114624244
连云港,2022,1.0525552222918233,460.02,-0.5702254648204316,-0.45983805893461266,-0.10827215281104617,0.055843788461048594,-0.4711876265014857,-0.1922840008350592,-0.5699384650532727
金华,2011,0.3778945489773017,538.6,-1.1445358439511377,-0.14270708625892478,0.7313713383346414,-0.2140670296846584,-0.6605410698639356,0.7676718279091426,0.6337131712882272
金华,2012,0.36472542940491953,539.9,-0.3281978962277244,0.3721910462992124,0.5394505049578059,-0.628306617513771,-0.5503936717619794,0.37720984775127514,0.8888160488241065
金华,2013,0.3604610610147157,542.8,-0.5168606138821312,-0.0419842896573977,0.3572332605220506,-0.5216233323647479,-0.5494373494900753,0.49653401402577185,0.8171741824813834
金华,2014,0.34665433235047294,543.7,0.1626541900979699,0.3589254548581382,0.008583116854723016,-0.6486873737510909,-0.59572656967563,0.3339955646540577,0.6868045363946429
金华,2015,0.3521303455736227,545.4,-0.021020333264439417,-0.10065609155998387,-0.34412142819014824,-0.7631584188588889,-0.4597853740692318,0.22548278811381084,0.8578615386215785
金华,2016,0.37427103177171916,552.0,-0.1895486498272161,-0.6430949504023855,-0.5913895291129746,-0.6270248358836288,-0.4462321232379789,0.36848373238916426,1.0825948433243178
金华,2017,0.35823734550410014,556.4,0.18698016559295427,-0.707021554027716,-0.6619203883777073,-0.4242773597172258,-0.5824333395593531,0.6578007137737985,1.0414686724912987
金华,2018,0.30909930702647154,678.0,0.6343432730086634,-0.30122202623919236,-0.2687528911057475,-0.25709562623715904,-0.6278350460083889,0.692322140995882,0.8511388125019549
金华,2019,0.36360356916565734,691.1,1.0712655145791685,-0.18023134068798458,-0.6406236282738661,-0.4699139745708181,-0.5707089850651097,0.4878492885446479,1.2045836798984846
金华,2020,0.3182425913256976,706.2,2.7396059646736575,0.6481078873388039,-0.5943672595619938,-0.4963120552215761,-0.599294317529498,0.2613714457565691,1.5660751617310726
金华,2021,0.388581810471542,712.0,5.274362351396794,2.4215737438743608,0.016727053953626336,-1.091985667187872,-0.5910387890644766,-0.16191358784591817,1.7280245855924932
金华,2022,0.3937603740404275,712.7,3.042382584482512,0.8414050937742396,-0.03838249601266126,-1.0697784086316788,-0.2906015208834861,-0.15444614584583516,1.736349030372609
铜陵,2011,1.993821876650826,159.6,-1.7627933768450723,0.4833324166279046,1.0167989371442214,-0.3523833906234092,0.38304557674719036,0.6903709553751276,-0.3394947922747652
铜陵,2012,2.2373516188235976,159.3,-1.750756553049103,0.4329076949068251,1.0588325094571682,-0.5604258469063768,0.6260624539583146,0.5303022667441653,-0.37772278213890786
铜陵,2013,2.434632821667725,159.1,-1.6023590950114461,0.30912114515034106,1.05601083767468,-0.43611290157798277,0.6997656011550613,0.7585691400950558,-0.22548432389320566
铜陵,2014,2.231454717747587,158.9,-1.5171396420391017,0.24071180029516615,0.9373605488729985,-0.3446895060015393,0.7024258756622643,0.8318246938175924,-0.3305668963084266
铜陵,2015,2.289711142204165,158.7,-1.350464136160808,0.5150405151717278,1.1659596249765949,-0.7534823731789582,0.8532566497711642,1.073003130945778,0.24359082353398986
铜陵,2016,2.4719417845444296,158.5,0.3010004875948503,1.2982786140565739,0.361637553316703,-0.8979521905715155,0.477789083668071,0.9612060970779801,0.3221675809193621
铜陵,2017,2.286216858939344,158.3,1.1126931104674123,1.8181219695035136,0.3244747433385581,-0.8071529819121859,0.3405704765861672,0.9599149628726371,0.03679878128543579
铜陵,2018,2.1973651198517685,158.1,1.5937057461468558,0.6909649985751728,1.1266009782166075,0.7956947627450837,0.5077830077923442,1.1696787485423912,-0.33445758997551067
铜陵,2019,2.2551840781621095,157.9,4.570943273446958,3.7853487848040324,0.4183624630728582,-0.6571944792155983,-0.14034238268468074,1.4726408005737301,0.37084284240816634
铜陵,2020,2.2476473399989745,157.7,6.199939403594833,5.3204936337501,0.30113934251741425,-1.099537434492641,-0.30360109485704945,1.3953419611045972,0.12402299996126862
铜陵,2021,2.2325712867047476,157.5,10.016302155415579,7.735953258377906,1.0285876502621536,-1.0857364930898112,-0.570292856863386,1.1129638994457418,-0.4789536000737142
铜陵,2022,2.3444186487904815,157.3,12.12201166304857,10.577810521266821,0.6544155868877707,-2.9061552119888066,-0.7450180235898616,0.9262644867489431,-0.030793532892516177
镇江,2011,1.2152590090116107,311.45,-1.05359917442944,-0.2991545573977325,0.9817389036190923,-0.5997304588811868,-0.21339175605496336,-0.1746037359215732,-0.5173138189319648
镇江,2012,1.1961792447476602,315.46,-0.5897882593855449,-0.9077134219099631,1.0195084337858427,-0.030399573337885677,-0.14223470650678943,-0.2270216336539318,-0.7064075966765518
镇江,2013,1.1788207839162268,315.48,-0.5844115109901765,-0.9086547763154621,0.44934043357397957,-0.40766190081876286,-0.29925742085336543,0.08912480560886044,-0.8664642543518218
镇江,2014,1.1757004659127084,316.54,0.008920118127701882,-1.1451348559341903,0.24316279247269937,-0.5344369544435241,0.0023397033053871308,-0.44824328652467377,-0.40347451659442846
镇江,2015,1.4149291275104225,317.14,0.1976556232454728,-1.6264213049508762,0.25713205771538816,-0.302868928129746,0.1168725352556183,-0.5444432782228433,-0.3943228657976715
镇江,2016,1.4285372011105435,317.05,1.3470448833650632,-2.197490869558716,1.109816983547229,-0.32559406974524935,0.9258130835589402,-1.4708315038507118,1.2148906711045422
镇江,2017,1.06303250268347,318.13,1.4531627467939465,-2.6678265819411737,1.2567358230766223,0.507517634429663,0.8338723710962361,-1.385984207083539,0.5328886037486205
镇江,2018,0.9239524025863586,318.03,3.01207828410975,-2.509896732957297,1.7350579330159397,0.7374680795195812,1.0717086367685245,-1.808202827846432,0.9291378819917587
镇江,2019,0.8848528371518438,319.84,1.0541009671596546,-2.426976801746188,0.5047200391922372,-0.4572329594984322,0.6158890994355799,-0.7473929765302054,-0.0027694344602082893
镇江,2020,0.8631644495070787,320.35,1.7189457370197951,-1.8474158922911705,0.4120760010440707,-0.8109276148593858,0.6821785646505518,-1.1231294121010083,0.4415742482016366
镇江,2021,1.17070260862284,321.1,1.406783927049002,-2.2957453845689066,0.5360671953730877,-0.4748767088750888,0.5515061450629597,-0.8098536785560932,-0.23969417094810797
镇江,2022,1.2353478526822936,321.72,1.3378335969945327,-2.1069676133675252,0.500897859475764,-0.5277727376209063,0.475450139644884,-0.7689936945149445,-0.4943377934102517
阜阳,2011,0.3579420342078495,1026.9,-2.1792789627430404,1.074620652994216,-0.5526170688892021,0.7606005266684224,-0.46540971320857705,0.6339997611604411,1.2501887906698128
阜阳,2012,0.34438505752421,1030.4,-2.212595840778935,1.4487387861261967,-0.9077995330438401,0.9230905334566901,-0.5792390135406039,-0.14186594278397904,0.3836341990273902
阜阳,2013,0.3555996898182137,1033.8,-2.312097484556067,1.3256756235137241,-0.8994205684586538,0.799667776224477,-0.5143259386458447,-0.20677555715121726,0.30719095137091273
阜阳,2014,0.451380165348827,1037.2,-2.227617420671552,1.15669594857322,-1.0771226072546525,0.8690714182707822,-0.42396526209622404,-0.18945795532047172,0.29803332835675217
阜阳,2015,0.42267625280940885,1040.7,-2.0578472122285367,1.0770333495031803,-1.226573715182653,0.8339319084043884,-0.3661832557700458,-0.12196999318106452,0.4813636621087135
阜阳,2016,0.40070970100590253,1044.1,-1.6223592482711133,1.217108646438457,-1.4243246177883024,0.7326271292968902,-0.40910516112506623,-0.07569779149044562,0.6122805569552171
阜阳,2017,0.37652530249310995,1047.5,-1.3316872166272897,1.3063124081253075,-1.3696442517752723,0.6389506995231367,-0.3937906151207855,-0.15553056487816194,0.5226717795187127
阜阳,2018,0.3615417568996426,1050.9,-1.5092227913918983,0.8784211405752175,-1.3228137963297903,0.692450607011478,-0.2900637414955971,-0.1098544833590406,0.5688822176562792
阜阳,2019,0.3605628257693757,1054.3,-1.6304600849254591,0.6893967808367235,-1.4737150314200163,0.6797458719558931,-0.3115883317708829,0.0053969349100462805,0.5203567134695292
阜阳,2020,0.34641507847511965,1057.7,-1.1974512245383888,0.9660291703692306,-1.4713164360761337,0.6926617127240207,-0.37218300075300037,0.18201247163974382,0.4625268283385182
阜阳,2021,0.40746104127152866,1061.1,-1.5303788890723997,0.7782983192498297,-1.579928996613736,0.5069308598460729,-0.24881729019160398,0.17285939036043652,0.5254799833789783
阜阳,2022,0.4304724871255566,1064.5,-1.1179697466388667,1.1497581056004793,-1.4095321394120315,0.32333659252513,-0.23864224856978097,0.21544938869138192,0.45278195654956876
马鞍山,2011,1.9346733351487508,230.0,-1.8796540525525276,0.7102272937013032,2.84068101498393,-0.20189012506170248,1.0498353435783647,1.2798369930287758,-1.0480379947176754
马鞍山,2012,2.0952789241455396,229.9,-1.7085070934480893,0.4595094809839132,2.6576947364966452,-0.42811333985896716,1.2234414070000907,1.2382393291069953,-0.6799011659614959
马鞍山,2013,2.113083772475231,229.8,-1.5906054945689359,0.3549786567816544,2.406328326673996,-0.720156391637117,1.2642549409574304,1.15260094893907,-0.21780036274356734
马鞍山,2014,2.134158709386304,229.7,-1.476068802684562,0.27644660961238143,2.1532754639952696,-0.5381330735317704,1.1295157035558778,1.3798191777211204,0.08421199203417931
马鞍山,2015,1.856468105059412,229.6,-1.1539866737870472,0.014701962553523684,1.5791612121686358,-0.5172370336756762,1.0718489964964018,1.4851670018902663,0.7346874563418295
马鞍山,2016,2.307349321200548,229.5,-0.9214066987833983,-0.052772764208858375,1.3913594866669894,-0.6195468097774102,1.1259831982015092,1.4087836841546735,1.014784141652234
马鞍山,2017,2.3018393882631454,229.4,-0.632931542269151,-0.5279102522721316,1.4433303868472036,0.028817369326693543,1.2361161703740222,1.1870402006183687,0.6228130404824067
马鞍山,2018,2.2570501964347702,229.3,1.0976344000097247,-1.5548919953414773,1.7980406042913923,2.187713100108331,1.1052403444118266,1.4418116887150427,0.0493298863888815
马鞍山,2019,2.2101185934393315,229.2,0.6539245519159292,-0.9635063681706196,1.1075787365866023,1.0429908916348578,1.2831771861317556,1.1454441717603336,0.26749487584724174
马鞍山,2020,2.232442651456672,229.1,0.7414403654644713,-0.4907036521419663,0.6921177622137333,0.6770250181994035,1.245456026409497,1.4465166090315524,0.2193216621604283
马鞍山,2021,2.2693533928070124,229.0,1.1204789336532728,-1.0185394966700398,1.1332844412214231,1.1573691180814056,1.440518727796154,1.313009967187644,-0.09887112905907337
马鞍山,2022,2.27583465945024,228.9,0.42746549980636217,-1.016964765696088,0.9285990681858975,0.4905332138438145,1.6782009634629782,1.1904131345546547,0.04488203689358061
黄山,2011,0.17055572068198774,148.9,-1.7181510280636654,0.6556297722563547,-0.980354103830462,0.773519808059538,0.19889971518532307,-0.001613290775966808,-0.30662745661418644
黄山,2012,0.1701995117790646,148.7,-1.6446518430055823,0.5345181554748947,-0.9837408936380835,0.5901030430712915,0.32348709762334943,-0.06332518893226013,-0.16669853384796596
黄山,2013,0.16762372191901606,148.5,-1.4669290669815211,0.3261422921464556,-1.4307879524661735,0.6055837159867683,0.19129014408882744,0.03525540474374261,0.057565844573679775
黄山,2014,0.1654459075310039,148.4,-1.4510734103707053,0.23444447184067307,-1.6586070116246348,0.3852640291358645,0.057443982389133674,-0.05304794838846896,0.015225669904967168
黄山,2015,0.1652629686426411,148.3,-1.3539749316767702,0.06465465963109523,-1.9758068395798256,0.2524508495356423,-0.15527845882134833,0.007836834003455695,0.2718828692604942
黄山,2016,0.09322236757643608,148.2,-1.196288830620525,-0.13178822360762524,-2.184026784743754,0.21317993066560792,-0.22183417328277022,0.053778963211047776,0.49759687494739613
黄山,2017,0.10197870589581184,148.1,-0.9928264987833851,-0.32448322435078486,-2.3951691349517947,0.37518555231385636,-0.309026285586456,0.16613141865520126,0.5425995706800791
黄山,2018,0.0949415608924102,148.0,-0.3730508413019827,-0.7378838086888426,-2.071164588921123,1.0800406049697802,-0.22441716961902045,0.35529935198247914,0.48567627178126516
黄山,2019,0.07437838811204,147.9,-0.6550827273134051,-0.5292930518141512,-2.303356640629707,0.5095102575360382,-0.085025878854042,0.3264122488783728,0.5716521532996519
黄山,2020,0.053098159551427986,147.8,-0.2742443042908618,-0.8087841859347772,-2.0187841156073567,1.130637507540449,-0.07134833879327163,0.5412943626222875,0.2201153974206017
黄山,2021,0.09111600789028224,147.7,1.0461145772561031,-1.6611604527270836,-0.994762325574588,2.978734091520491,-0.13456742658755566,0.9208958817816593,-0.4583316785645174
黄山,2022,0.10974114984900236,147.6,-0.07897343144191415,-0.8331009023787044,-1.861108465730111,0.9318807960740443,0.1167638883085535,0.48304290673143363,0.1933809644147016
