Year,Target,城市,Total_population,Urban_population,Fiscal_revenue,GDP,Secondary_industry,Tertiary_industry,Patent_grants,Policy_count,Public_awareness,Num_construction_enterprises,Gross_construction_output,Total_electricity_consumption
2011,2358.11,上海,2355.53,2355.53,3429.83,20009.68,7927.89,11142.86,80215,2,4234,4586.28,3243.0,1339.62
2012,2140.46,上海,2398.5,2398.5,3743.71,21305.59,7854.77,12199.15,82682,17,4218,4843.44,3179.0,1353.45
2013,1995.35,上海,2448.43,2448.43,4109.51,23204.12,8027.77,13445.07,86450,8,4243,5102.84,3180.0,1410.61
2014,1876.86,上海,2467.06,2467.06,4585.55,25269.75,8167.71,15275.73,81664,8,4627,5499.94,3184.0,1369.02
2015,1796.18,上海,2457.59,2457.59,5519.5,26887.02,7991.0,17022.63,100006,8,4439,5652.47,3065.0,1405.56
2016,1607.51,上海,2467.37,2467.37,6406.13,29887.02,8406.28,19662.89,119937,9,5232,6046.19,2942.0,1486.02
2017,1532.71,上海,2466.28,2466.28,6642.26,32925.01,9330.67,21191.54,131746,10,7877,6426.42,2798.0,1526.77
2018,1552.84,上海,2475.39,2475.39,7108.15,36011.82,10360.78,25546.26,150233,8,10455,7112.32,2779.0,1566.66
2019,1673.47,上海,2481.34,2481.34,7165.1,37987.55,10299.16,27752.28,173586,5,9788,7812.65,2698.0,1568.58
2020,1701.82,上海,2488.36,2488.36,7046.3,38963.3,10258.57,28597.05,139780,7,10259,8277.04,2584.0,1575.96
2021,1947.49,上海,2489.43,2489.43,7771.8,43653.17,11366.69,32190.39,179317,14,10672,9236.42,2550.0,1749.62
2022,1960.65,上海,2475.89,2475.89,7608.19,44652.8,11458.43,33097.42,178323,5,9535,9273.9,2535.0,1745.55
2011,176.29,丽水,211.6,106.0116,57.36,875.0,354.45,331.59,1967,57,160,204.0,155.0,68.49
2012,187.76,丽水,211.7,109.4489,64.61,894.1,389.95,378.02,3305,26,129,213.0,161.2,70.9
2013,202.14,丽水,212.2,112.2538,73.7,983.1,428.07,428.09,4278,40,120,250.0,208.2,77.71
2014,180.41,丽水,213.1,115.2871,80.96,1051.0,452.97,463.23,3257,25,136,250.0,243.6,78.42
2015,166.32,丽水,213.9,118.5006,94.51,1102.34,443.62,509.0,5155,35,176,248.0,277.0,78.06
2016,128.77,丽水,216.5,122.972,103.57,1200.22,470.4,574.3,5445,23,162,249.0,317.4,88.93
2017,103.2,丽水,218.6,127.6624,112.91,1298.2,474.18,648.71,5498,37,193,250.0,360.7,86.95
2018,118.49,丽水,244.4,146.64,130.01,1394.7,577.8,722.7,6975,35,468,268.0,389.0,103.45
2019,132.56,丽水,247.5,151.47,139.83,1476.6,571.3,805.2,6445,17,304,299.0,392.0,112.4
2020,106.94,丽水,250.8,154.9944,143.86,1540.0,555.2,880.2,9206,60,452,340.0,399.0,118.1
2021,127.51,丽水,251.4,157.125,163.97,1710.0,637.3,964.9,14140,100,518,352.0,403.0,135.48
2022,179.93,丽水,251.5,159.7025,170.86,1830.9,705.9,1007.3,10811,50,483,387.0,458.0,139.08
2011,243.94,亳州,592.6,180.15,34.04,626.65,265.68,289.26,979,1,32,38.0,23.1496,32.4
2012,232.93,亳州,598.1,189.6,47.69,811.12,307.19,331.2,1828,1,24,41.0,26.8333,39.77
2013,225.17,亳州,603.6,200.4,64.38,931.8,350.18,397.32,1968,1,24,42.0,32.2891,46.14
2014,221.2,亳州,609.1,211.36,72.7,1017.85,390.95,433.29,1727,2,24,46.0,40.8397,47.23
2015,232.8,亳州,614.6,222.49,81.36,1066.93,413.5,459.41,2297,1,0,46.0,41.9693,50.56
2016,272.1,亳州,620.1,233.78,87.02,1200.86,435.1,560.78,3438,0,32,47.0,54.9882,57.08
2017,201.7,亳州,625.6,245.24,94.55,1351.51,478.66,663.44,3750,4,113,75.0,92.8482,58.41
2018,241.8,亳州,631.1,256.86,112.0,1551.33,554.54,786.38,6154,28,176,97.0,123.2813,67.59
2019,428.9,亳州,636.6,268.65,126.11,1740.26,607.84,894.23,5163,13,120,129.0,131.6124,74.91
2020,355.5,亳州,642.1,280.6,126.37,1805.96,613.57,933.85,4452,8,113,215.0,142.4451,81.79
2021,458.5,亳州,647.6,292.72,140.3,1962.68,664.39,1026.96,4023,15,129,270.0,167.8687,93.11
2022,509.2,亳州,653.1,305.0,148.13,2101.5,732.65,1082.3,4023,37,156,312.0,184.7394,105.39
2011,358.548,六安,574.7,222.41,56.76,821.08,315.47,308.17,1660,0,72,133.0,129.9747,53.84
2012,359.31,六安,575.5,229.62,69.27,860.38,350.01,355.84,2897,3,72,143.0,155.0833,61.46
2013,345.27,六安,576.3,237.44,81.83,944.5,393.51,388.65,3658,0,57,158.0,183.1353,66.9
2014,341.45,六安,577.2,245.31,94.86,1019.48,417.01,431.65,3727,1,48,165.0,153.7239,69.03
2015,386.46,六安,578.0,253.16,103.33,1053.43,410.95,465.67,4800,0,24,135.0,145.593,61.85
2016,388.26,六安,578.8,261.04,98.26,1190.73,451.73,553.88,8779,1,40,135.0,154.4029,68.57
2017,1053.58,六安,579.6,268.93,112.79,1296.84,490.86,615.37,10768,2,64,137.0,173.0786,78.49
2018,1449.8,六安,580.4,276.85,122.41,1448.48,524.04,727.75,8979,11,225,148.0,197.7496,89.18
2019,1164.51,六安,581.2,284.79,126.19,1616.89,578.3,821.51,7462,10,297,180.0,231.8947,103.75
2020,1185.32,六安,582.0,292.75,132.88,1669.45,615.77,813.04,5401,21,501,222.0,263.098,119.09
2021,1283.26,六安,582.8,300.72,147.5,1913.49,736.83,920.82,6635,47,376,254.0,298.4306,137.23
2022,1460.13,六安,583.6,308.72,161.26,2004.64,784.88,951.92,6635,47,216,434.0,332.6449,158.35
2011,1514.44,南京,800.76,628.09,635.0,6145.52,2760.84,3220.41,12404,0,2429,1579.0,2006.6,399.74
2012,1146.62,南京,848.1,570.19,733.02,7201.57,3170.78,3845.73,18561,0,1797,1605.0,2647.31,424.96
2013,1568.52,南京,857.15,686.58,831.31,8080.21,3462.42,4422.5,18207,0,2231,1638.0,3112.48,462.67
2014,1628.45,南京,880.65,700.81,903.49,8820.75,3623.48,4983.02,22844,0,2772,1487.0,3217.8,470.5
2015,1321.19,南京,838.06,779.33,1020.03,9720.77,3916.77,5571.61,28104,0,2297,1478.0,3028.32,495.18
2016,1757.54,南京,897.29,748.37,1142.6,10819.14,4117.32,6133.16,28782,1,2948,1458.0,3094.65,524.79
2017,1798.49,南京,913.69,789.24,1271.91,11894.0,4451.96,7179.03,32073,1,4961,1406.0,3260.7,556.96
2018,1749.96,南京,919.2,709.49,1470.02,13009.17,4766.31,7966.52,44081,27,7310,1646.0,3903.18,606.4
2019,1855.71,南京,924.39,787.17,1580.03,14045.15,5040.85,8716.48,55004,31,5917,1717.0,4235.85,621.53
2020,1770.13,南京,928.16,799.33,1637.7,14782.95,5179.35,9306.8,76323,22,6290,1883.0,4533.15,632.94
2021,1827.75,南京,931.97,808.56,1729.52,16290.13,5797.06,10189.14,91964,5,6556,2013.0,4918.04,683.57
2022,1625.99,南京,942.24,825.8,1558.21,16907.85,6069.64,10522.65,86900,4,6739,2093.0,5083.02,724.46
2011,453.23,南通,723.18,407.78,373.69,4080.22,2221.48,1571.53,31335,0,403,931.0,3571.78,287.3
2012,438.86,南通,739.01,422.53,419.72,4558.67,2414.11,1825.47,36245,1,417,946.0,4423.51,301.79
2013,429.61,南通,750.76,438.55,485.88,5150.01,2658.38,2169.32,23472,0,453,937.0,5439.92,326.15
2014,499.05,南通,753.48,444.4,550.0,5652.69,2812.34,2500.78,37833,0,582,892.0,6281.21,333.23
2015,518.07,南通,763.36,450.1,625.64,6148.4,2977.53,2815.97,38559,1,662,895.0,6144.55,349.19
2016,544.3,南通,767.21,459.34,590.18,7151.69,3170.3,3231.24,45557,0,895,900.0,6619.39,374.79
2017,532.78,南通,768.23,462.37,590.6,8034.07,3979.65,3671.73,54742,9,1529,884.0,7337.15,400.55
2018,482.47,南通,769.85,473.33,606.19,8753.23,4308.12,4036.7,52799,61,2242,1037.0,8299.68,433.31
2019,578.96,南通,769.45,479.13,619.26,9369.39,4588.1,4352.45,36713,219,1345,972.0,9061.27,451.55
2020,496.63,南通,772.44,488.05,639.3,10018.31,4747.85,4811.76,46076,124,1911,1168.0,9741.93,477.29
2021,569.77,南通,772.8,492.07,710.18,10946.95,5298.32,5163.61,40867,4,1603,1283.0,10568.67,541.7
2022,699.75,南通,773.3,495.22,613.0,11379.6,5611.06,5258.5,38506,0,1689,1367.0,11310.41,585.43
2011,235.88,台州,599.9,334.1443,200.12,2798.2,1421.25,1181.97,9653,17,731,402.0,1243.5,221.98
2012,228.8,台州,600.5,336.8805,220.42,2911.26,1457.21,1291.31,12182,11,459,411.0,1448.1,227.33
2013,314.87,台州,603.8,344.166,247.73,3158.2,1550.89,1436.57,12681,7,354,438.0,1695.9,247.97
2014,251.09,台州,601.5,349.4715,265.21,3387.51,1648.97,1552.73,17334,5,606,454.0,2069.8,254.42
2015,243.07,台州,604.9,356.2861,298.02,3558.13,1650.58,1699.55,20917,12,264,461.0,2226.7,252.75
2016,258.03,台州,608.0,362.976,343.28,3842.81,1748.84,1882.25,21095,26,370,462.0,2330.1,282.15
2017,423.8,台州,611.8,370.139,382.25,4388.22,2019.9,2110.23,19143,28,821,475.0,2569.7,310.51
2018,394.64,台州,648.8,396.4168,431.18,4874.7,2182.6,2427.8,24288,26,1053,500.0,2675.0,329.57
2019,395.78,台州,654.8,404.0116,438.5,5134.0,2339.9,2512.1,25936,22,969,498.0,1089.0,331.22
2020,361.1,台州,662.7,410.874,401.24,5262.7,2298.2,2669.7,34827,52,1285,586.0,1155.0,348.85
2021,435.45,台州,666.1,416.9786,455.43,5786.2,2543.0,2939.2,42539,111,1108,622.0,1256.0,397.26
2022,525.16,台州,667.8,426.7242,440.75,6040.7,2639.1,3071.6,37664,56,876,680.0,1373.0,410.87
2011,1000.8,合肥,765.6,503.0,338.51,3636.62,1728.28,1712.97,11478,41,1300,803.0,1778.3245,172.42
2012,1011.7,合肥,772.7,519.25,389.5,4167.98,1958.06,1989.21,15142,30,798,835.0,2145.3448,192.39
2013,955.2,合肥,780.8,535.63,438.62,4696.01,2156.1,2302.52,19425,29,977,840.0,2535.2143,213.06
2014,931.4,合肥,789.5,550.28,500.34,5250.09,2390.31,2613.31,25393,35,1715,856.0,2876.061,226.14
2015,749.7,合肥,797.8,564.04,571.54,5830.95,2480.46,3093.96,32364,58,1056,867.0,3006.5964,243.26
2016,791.8,合肥,806.1,577.97,614.85,6544.26,2719.86,3562.08,50792,75,1161,901.0,3152.3631,267.2
2017,713.6,合肥,814.3,591.18,655.9,7366.64,2909.34,4187.23,61340,104,1920,953.0,3462.245,296.09
2018,817.5,合肥,822.6,604.61,712.49,8605.13,3169.98,5157.56,65814,88,3697,1364.0,3919.27,344.83
2019,962.3,合肥,830.9,617.36,745.99,9370.21,3341.51,5736.84,61205,65,3216,1423.0,4079.971,375.46
2020,922.9,合肥,839.1,631.0,762.9,10005.56,3535.79,6134.56,41054,85,3723,1622.0,4460.1237,382.55
2021,1154.2,合肥,847.4,644.02,844.22,11392.75,4103.56,6930.94,53843,67,4217,1843.0,5081.5439,444.11
2022,1041.4,合肥,855.7,657.18,909.25,12013.08,4394.44,7239.4,53843,79,4157,1909.0,5613.2673,500.92
2011,392.0,嘉兴,453.1,246.4864,226.4,2670.8,1548.32,1018.22,9528,10,606,291.0,764.3,327.91
2012,498.0,嘉兴,454.4,251.2832,257.73,2890.57,1619.41,1151.88,12008,13,530,308.0,844.3,351.42
2013,471.0,嘉兴,455.8,261.6292,282.31,3147.7,1807.24,1294.2,14942,13,586,325.0,942.5,385.45
2014,504.0,嘉兴,457.0,273.286,307.07,3352.8,1915.68,1450.06,17456,10,650,322.0,984.7,396.45
2015,501.0,嘉兴,458.5,284.7285,350.35,3517.06,1969.31,1605.54,18789,13,539,326.0,907.9,413.35
2016,489.0,嘉兴,461.4,297.603,387.93,3760.12,2126.66,1733.8,19957,11,595,333.0,904.9,453.1
2017,535.0,嘉兴,465.6,309.624,443.79,4355.24,2425.01,1958.92,18244,21,826,338.0,1056.4,483.96
2018,557.0,嘉兴,523.1,358.3235,518.55,4872.0,2624.5,2132.5,24589,25,1521,359.0,1178.0,522.06
2019,598.39,嘉兴,533.5,377.1845000000001,565.69,5370.3,2892.6,2356.9,27771,23,1691,380.0,1135.0,538.03
2020,540.44,嘉兴,541.1,385.8043,598.8,5509.5,2861.1,2524.3,34966,42,2079,416.0,1221.0,549.1
2021,648.42,嘉兴,551.6,396.6004000000001,674.8,6355.3,3453.8,2769.6,41264,55,2493,425.0,1394.0,626.25
2022,613.07,嘉兴,555.1,401.8924000000001,596.47,6739.5,3719.6,2875.8,45496,78,2213,486.0,1494.0,653.34
2011,1281.44,宁波,762.8,524.0436,657.55,6083.5,3394.02,2566.96,37341,9,1142,844.0,1933.4,505.3
2012,1147.0,宁波,763.9,527.8548999999999,725.5,6582.21,3572.82,3025.21,58175,9,956,922.0,2509.1,514.09
2013,1167.91,宁波,766.3,537.9426,792.81,7128.9,3794.14,3372.8,56406,24,1067,976.0,3135.5,559.39
2014,1114.2,宁波,781.1,554.581,860.61,7602.51,4108.26,3528.95,43289,14,1152,986.0,3714.1,576.78
2015,1117.89,宁波,782.5,567.3125,1006.4,8011.49,4210.91,3809.31,48843,22,855,999.0,4055.4,585.07
2016,1146.29,宁波,787.5,580.3875,1114.54,8541.11,4463.78,4218.33,43015,28,1025,973.0,4231.1,646.54
2017,1158.1,宁波,800.5,597.9735000000001,1245.29,9846.94,5119.01,4730.49,37358,40,1648,941.0,4612.4,709.23
2018,1229.13,宁波,911.5,690.0055,1379.69,10745.5,5507.5,4932.0,33047,65,2579,989.0,4915.0,775.28
2019,1174.31,宁波,929.4,720.285,1468.51,11985.1,5782.9,5879.9,35356,62,2474,1103.0,2962.0,807.92
2020,1128.99,宁波,942.0,734.76,1510.84,12408.7,5693.9,6376.4,54720,76,3089,1171.0,3055.0,832.15
2021,1291.21,宁波,954.4,748.2496000000001,1723.14,14594.9,6997.2,7241.6,72445,92,3657,1300.0,3299.0,938.41
2022,1399.89,宁波,961.8,758.8602000000001,1680.23,15704.3,7413.5,7908.8,78634,70,3365,1488.0,3426.0,972.66
2011,173.2,安庆,618.3,306.06,72.39,1215.74,551.04,473.64,914,0,145,237.0,131.6762,75.75
2012,150.2,安庆,616.9,313.39,85.62,1307.67,629.1,520.48,1680,0,138,243.0,150.255,81.86
2013,200.79,安庆,615.6,320.73,98.46,1379.09,654.91,552.63,4309,1,113,242.0,169.8329,90.84
2014,186.46,安庆,614.3,327.42,105.65,1517.87,737.71,600.86,5481,0,88,244.0,183.1692,94.43
2015,374.2,安庆,613.0,333.47,106.57,1557.4,745.09,626.56,11754,1,89,240.0,174.9377,82.54
2016,195.71,安庆,611.7,339.49,127.99,1684.74,793.05,699.73,17022,0,49,264.0,188.324,88.7
2017,316.2,安庆,610.4,344.88,121.02,1902.12,910.03,798.8,8163,2,178,291.0,223.2384,96.2
2018,286.0,安庆,609.1,350.84,133.2,2196.75,991.67,1005.07,9507,55,298,379.0,274.1376,107.92
2019,337.71,安庆,607.8,356.17,137.01,2356.72,1038.19,1102.45,8605,34,266,424.0,310.3233,116.2
2020,403.53,安庆,606.5,362.08,141.59,2381.45,1019.27,1119.98,5479,32,452,468.0,339.2393,120.47
2021,433.14,安庆,605.2,367.36,156.09,2611.91,1127.77,1230.98,7426,31,363,530.0,381.7118,136.07
2022,232.56,安庆,603.9,373.21,174.86,2767.46,1215.23,1289.5,7426,40,297,733.0,424.5554,151.95
2011,349.66,宣城,262.7,119.79,68.36,671.39,355.64,251.25,2693,0,96,121.0,82.3629,73.85
2012,302.72,宣城,263.4,123.01,86.94,795.43,404.92,286.12,4068,0,72,127.0,108.8967,76.13
2013,309.61,宣城,264.2,126.55,107.67,894.39,463.63,319.32,4471,0,112,126.0,123.4041,87.44
2014,491.45,宣城,265.0,130.12,120.22,982.51,488.8,375.96,5757,1,56,126.0,129.9136,88.97
2015,452.92,宣城,265.8,133.7,131.56,1009.66,498.76,389.81,5674,0,64,132.0,130.116,87.15
2016,367.35,宣城,266.6,137.3,139.32,1101.08,528.58,445.17,5261,2,73,138.0,130.8847,97.34
2017,404.97,宣城,267.4,140.92,142.97,1233.84,583.12,520.43,4857,4,144,164.0,153.2727,105.71
2018,373.78,宣城,268.2,144.56,153.07,1418.86,666.47,616.99,7213,7,440,179.0,190.3108,124.73
2019,367.92,宣城,269.0,148.22,165.07,1557.44,730.18,677.57,5310,8,362,203.0,220.166,134.76
2020,426.45,宣城,269.8,151.9,168.42,1591.36,745.5,682.67,5320,9,556,259.0,251.9814,148.12
2021,513.63,宣城,270.6,155.6,182.8,1798.89,860.49,766.34,6921,9,767,344.0,289.4105,172.65
2022,528.83,宣城,271.4,159.31,188.5,1914.4,937.27,797.53,6921,9,264,391.0,321.8434,186.12
2011,517.94,宿州,615.2,201.79,38.96,802.42,299.83,296.39,835,1,24,103.0,117.6115,45.33
2012,515.03,宿州,617.7,211.25,53.3,914.95,347.79,344.98,1631,0,24,127.0,141.5378,55.3
2013,368.94,宿州,620.1,221.38,66.35,1025.2,399.92,392.65,2275,0,8,158.0,172.9,61.68
2014,364.63,宿州,622.6,231.61,76.94,1151.32,450.74,455.22,2916,1,24,165.0,207.3002,63.92
2015,284.44,宿州,625.1,241.91,86.02,1235.77,470.18,513.9,2430,0,0,156.0,218.3217,66.68
2016,272.85,宿州,627.6,252.3,95.62,1404.84,515.67,646.79,3324,1,48,157.0,257.5,72.22
2017,381.82,宿州,630.1,262.75,100.12,1573.08,557.77,756.86,3061,1,64,158.0,308.756,78.11
2018,437.0,宿州,632.6,273.28,111.56,1757.82,625.66,878.54,3996,43,168,163.0,370.0674,87.74
2019,493.531136004447,宿州,635.1,283.89,130.17,1953.03,683.96,981.56,5485,14,160,197.0,437.0624,96.02
2020,587.43,宿州,637.6,294.57,133.19,1969.24,676.59,977.72,4122,34,249,274.0,489.898,99.23
2021,682.82,宿州,640.1,305.33,147.87,2127.72,733.01,1062.45,4650,15,248,338.0,570.751,113.52
2022,635.89,宿州,642.6,316.16,155.35,2224.59,771.56,1114.84,4650,8,315,380.0,632.8747,125.29
2011,81.41,宿迁,472.28,227.97,130.1,1320.83,614.48,496.63,884,0,96,307.0,398.95,94.03
2012,101.1,宿迁,476.64,237.27,158.13,1522.03,716.85,578.38,2095,0,128,333.0,526.66,114.34
2013,128.98,宿迁,479.8,244.7,185.12,1750.28,841.22,679.0,4718,0,104,347.0,652.98,136.58
2014,129.16,宿迁,485.91,254.47,210.1,1930.68,933.24,751.07,9118,4,153,357.0,739.53,146.38
2015,147.92,宿迁,490.22,263.5,235.67,2126.19,1031.33,836.75,5151,2,267,362.0,737.42,151.24
2016,192.63,宿迁,492.38,277.06,238.08,2476.18,1139.97,935.92,10522,1,96,374.0,716.82,168.83
2017,200.66,宿迁,493.94,284.16,200.58,2721.87,1219.91,1209.82,11126,3,330,368.0,692.41,171.55
2018,271.91,宿迁,496.49,290.58,206.2,2864.87,1245.33,1308.66,15531,40,464,386.0,680.95,192.05
2019,197.45,宿迁,496.59,303.84,212.6,3084.23,1316.85,1442.79,12431,45,281,400.0,677.53,209.22
2020,190.62,宿迁,497.28,310.47,221.17,3270.37,1367.35,1561.63,20680,13,418,498.0,714.07,222.51
2021,217.99,宿迁,498.62,316.14,267.82,3869.0,1685.88,1830.09,17078,11,776,513.0,767.52,258.17
2022,261.89,宿迁,499.0,318.78,271.78,4111.98,1843.98,1893.45,11994,0,486,542.0,814.7,277.76
2011,611.12,常州,456.33,209.74,350.88,3580.99,1950.84,1518.37,11390,1,550,577.0,883.87,331.66
2012,571.12,常州,478.65,312.01,378.99,3969.87,2100.76,1742.74,15379,5,623,594.0,1050.2,351.51
2013,654.96,常州,497.14,330.11,408.88,4450.0,2273.41,2046.26,15439,5,633,644.0,1161.27,390.98
2014,663.62,常州,508.12,344.2,433.88,4901.87,2408.11,2355.3,18152,1,693,633.0,1284.03,395.06
2015,668.06,常州,516.05,356.91,466.28,5273.15,2516.04,2610.56,21585,1,934,621.0,1288.52,408.04
2016,662.75,常州,516.68,378.1,480.29,5752.34,2682.46,2938.73,43860,8,1109,612.0,1273.35,429.93
2017,642.25,常州,522.52,384.83,518.81,6478.16,3116.0,3205.06,16423,12,1531,604.0,1390.37,455.03
2018,668.29,常州,524.07,394.05,560.33,6897.02,3282.26,3457.45,41858,67,2761,722.0,1615.35,489.72
2019,637.37,常州,525.32,398.07,590.03,7405.86,3529.17,3719.69,24858,165,1887,686.0,1902.65,505.85
2020,663.44,常州,527.25,406.8,616.6,7810.32,3616.15,4029.87,41321,152,2055,822.0,2021.96,522.62
2021,834.44,常州,527.96,415.02,688.11,9037.84,4301.72,4569.25,55463,15,2046,891.0,2193.28,588.38
2022,722.42,常州,534.69,418.84,631.78,9550.06,4664.47,4713.23,53163,32,1990,965.0,2190.6,609.37
2011,1433.35,徐州,658.21,469.56,318.6,3551.65,1777.04,1440.07,6821,0,363,382.0,648.07,287.3
2012,1438.66,徐州,659.23,460.71,366.76,4016.58,1968.52,1665.6,10000,0,381,390.0,881.66,318.57
2013,1484.39,徐州,660.35,476.12,422.84,4519.82,2139.03,1961.91,8011,0,376,442.0,1109.27,336.42
2014,1548.12,徐州,665.03,492.55,472.33,4963.91,2246.24,2244.13,8468,0,607,413.0,1321.04,332.47
2015,1334.67,徐州,673.75,507.83,530.68,5319.88,2355.06,2460.07,8599,0,581,411.0,1361.22,344.19
2016,1198.17,徐州,678.86,524.17,516.06,5809.81,2513.85,2751.79,18537,0,746,436.0,1387.79,353.91
2017,1504.74,徐州,688.05,542.0,501.64,6333.5,2622.95,3079.52,10523,1,868,507.0,1493.03,361.23
2018,1232.57,徐州,698.42,559.1,526.21,6710.36,2701.49,3359.29,10065,0,1572,540.0,1516.81,352.05
2019,1264.8,徐州,703.35,570.56,468.32,7053.35,2835.17,3535.35,12603,36,1223,600.0,1512.05,371.13
2020,1093.35,徐州,706.29,582.56,481.82,7284.77,2911.61,3654.48,27368,24,1694,728.0,1559.53,364.96
2021,1434.89,徐州,709.39,596.18,537.31,8007.44,3310.91,3953.19,41895,4,1519,934.0,1698.01,393.55
2022,1498.62,徐州,902.65,602.57,517.43,8457.84,3593.22,4092.73,27540,2,1779,1104.0,1795.74,430.86
2011,308.23,扬州,446.08,253.08,218.5,2630.3,1427.87,1017.89,5344,0,288,728.0,1894.38,167.22
2012,287.39,扬州,448.3,254.11,225.0,2933.2,1554.46,1173.55,8091,0,508,763.0,2241.78,173.63
2013,307.92,扬州,446.72,262.67,259.26,3320.0,1717.29,1389.92,4410,0,394,744.0,2625.53,197.38
2014,292.64,扬州,447.0,268.74,295.19,3697.91,1885.75,1584.8,6663,0,425,735.0,2944.71,204.36
2015,274.0,扬州,447.73,273.35,336.75,4016.84,2012.1,1762.88,13948,0,413,717.0,3167.39,211.5
2016,463.71,扬州,448.38,283.45,345.3,4539.12,2197.63,2000.36,27043,0,585,686.0,3346.48,225.37
2017,501.58,扬州,448.14,291.81,320.18,5078.58,2474.71,2335.51,32638,1,1115,657.0,3635.74,237.05
2018,539.4561,扬州,448.13,301.87,340.03,5478.74,2621.09,2577.68,34078,3,1830,670.0,3901.63,248.99
2019,532.05,扬州,453.1,315.56,328.79,5799.08,2727.21,2779.07,33786,80,957,647.0,4228.6,259.4
2020,554.48,扬州,454.9,323.97,337.27,6013.33,2751.35,2954.88,39039,43,1106,877.0,4516.04,264.66
2021,563.96,扬州,455.1,328.8,344.07,6640.57,3166.87,3156.52,28942,14,1355,1199.0,4881.33,289.77
2022,588.79,扬州,457.7,330.01,325.49,7104.98,3470.02,3308.34,23219,1,1029,1278.0,5258.26,313.61
2011,940.16,无锡,637.56,452.35,615.0,6880.15,3728.12,3029.05,34077,1,875,619.0,540.61,580.6
2012,888.86,无锡,669.92,453.41,658.03,7568.15,4012.03,3418.9,51442,0,918,574.0,570.69,578.01
2013,956.72,无锡,690.61,500.9,710.91,7770.23,4044.93,3594.9,81666,0,767,585.0,662.15,606.4
2014,898.97,无锡,701.39,514.75,768.01,8205.31,4095.89,3971.29,27937,0,1081,577.0,650.48,598.18
2015,853.3,无锡,711.2,535.05,830.0,8518.26,4197.43,4183.11,34776,6,1266,576.0,601.62,600.5
2016,908.4,无锡,723.98,556.81,875.0,9340.16,4346.78,4728.05,71673,10,1680,550.0,633.52,638.67
2017,937.04,无锡,731.32,570.87,930.0,10313.07,4853.03,5326.08,28926,8,2458,562.0,742.62,686.67
2018,1047.58,无锡,758.76,569.1,1012.28,11202.98,5309.86,5767.6,62681,47,3525,594.0,901.15,732.81
2019,1061.01,无锡,742.5,597.22,1036.33,11803.32,5578.88,6101.93,38335,79,2563,636.0,1038.2,750.82
2020,967.38,无锡,745.36,611.12,1075.7,12340.48,5721.19,6491.19,60702,74,3081,657.0,1111.06,759.53
2021,1116.36,无锡,744.4,617.94,1200.5,14122.99,6741.33,7251.33,79738,9,2924,700.0,1213.06,838.64
2022,1065.16,无锡,746.7,622.39,1133.38,14850.82,7177.39,7539.78,68950,11,2921,709.0,1310.02,833.3
2011,701.63,杭州,873.8,645.7382,785.15,7035.9,3326.34,3594.38,29251,6,2141,1373.0,3032.5,575.28
2012,655.81,杭州,880.2,653.9886,859.99,7802.01,3553.18,4165.95,40651,5,1507,1430.0,3307.6,591.72
2013,650.61,杭州,884.4,665.9531999999999,945.2,8346.3,3649.62,4735.54,42518,12,2139,1515.0,3755.5,638.55
2014,662.34,杭州,889.2,674.9028000000002,1027.32,9201.16,3953.53,5282.07,44559,12,2387,1476.0,3971.4,640.19
2015,583.88,杭州,901.8,693.4842,1233.89,10053.58,4133.92,6082.38,62489,7,2042,1480.0,4097.6,646.38
2016,374.04,杭州,918.8,718.5016,1402.39,11050.49,4226.87,7188.96,47583,12,2629,1474.0,4105.3,678.29
2017,334.98,杭州,946.8,750.8123999999999,1567.42,12556.16,4453.44,8407.32,48493,25,6086,1410.0,4323.7,738.03
2018,502.23,杭州,1125.4,904.8216000000002,1825.06,13509.2,4571.9,8631.7,63672,25,8275,1499.0,4416.0,796.96
2019,588.59,杭州,1161.3,959.2338,1965.97,15373.0,4875.1,10172.3,27675,35,7039,1548.0,4577.0,816.7
2020,551.45,杭州,1196.5,996.6845,2093.39,16105.8,4820.5,10959.1,44272,42,7895,1674.0,4924.0,807.97
2021,572.38,杭州,1220.4,1020.2544,2386.59,18109.4,5488.6,12287.3,121149,44,7903,1854.0,5580.0,910.33
2022,557.99,杭州,1237.6,1039.584,2450.61,18753.1,5619.9,12787.2,122735,27,7140,2049.0,5737.0,949.85
2011,135.0,池州,155.6,77.96,40.99,372.49,188.19,144.03,1048,0,64,89.0,69.4103,31.25
2012,129.67,池州,155.5,79.93,52.37,433.03,209.41,164.24,1551,5,24,94.0,73.2022,38.08
2013,143.1,池州,155.4,81.9,65.14,480.07,229.51,186.28,2077,0,48,96.0,94.2091,44.22
2014,171.9,池州,155.3,83.71,68.44,528.44,250.03,210.2,2756,3,48,100.0,108.6701,47.63
2015,315.2,池州,155.2,85.52,71.3,569.94,262.89,236.88,3594,0,32,113.0,111.7963,50.47
2016,127.8,池州,155.1,87.32,71.45,618.17,280.38,267.11,4099,0,48,120.0,109.0169,57.66
2017,190.08,池州,155.0,88.97,65.19,681.33,304.39,304.21,4286,8,97,131.0,118.6445,61.21
2018,193.97,池州,154.9,90.77,64.49,753.93,333.11,345.86,4617,225,410,164.0,122.9011,66.7
2019,193.969909667969,池州,154.8,92.57,63.59,830.07,364.42,381.76,2971,85,176,198.0,125.9722,76.03
2020,666.6,池州,154.7,94.37,66.91,853.1,371.17,392.8,2374,54,258,256.0,136.3479,83.32
2021,610.0,池州,154.6,96.16,74.28,1004.16,456.68,453.24,2666,46,378,314.0,161.2474,95.13
2022,510.14,池州,154.5,97.95,83.13,1078.55,502.75,477.71,2666,31,136,370.0,178.439,103.82
2011,386.53,泰州,362.13,219.16,204.3,2422.61,1308.21,939.29,5606,1,312,656.0,1436.35,195.68
2012,411.0,泰州,460.21,216.16,223.62,2701.67,1434.53,1075.39,8414,1,248,673.0,1751.16,211.31
2013,431.62,泰州,458.8,265.65,251.28,3064.97,1592.96,1273.5,9809,0,193,666.0,2021.62,222.55
2014,436.04,泰州,457.42,270.06,277.95,3370.89,1697.45,1464.19,12707,1,226,634.0,2385.82,232.3
2015,417.0,泰州,455.44,271.55,316.56,3687.9,1811.04,1657.93,13383,0,216,635.0,2662.55,227.46
2016,504.23,泰州,455.51,289.27,321.18,3888.29,1933.89,1927.89,31598,1,364,633.0,2924.44,239.55
2017,306.36,泰州,454.63,287.33,335.52,4424.57,2197.02,1963.47,31476,8,659,632.0,3173.02,273.9
2018,343.89,泰州,455.78,294.11,357.15,4767.24,2395.35,2085.65,29635,69,1369,753.0,3331.31,286.14
2019,548.03,泰州,453.01,302.14,365.67,5107.36,2499.98,2314.88,25215,110,902,758.0,3457.94,296.0
2020,308.85,泰州,452.2,307.41,375.2,5297.77,2526.1,2464.57,32971,31,992,969.0,3680.84,306.88
2021,395.26,泰州,451.68,310.35,420.29,6035.2,2909.18,2807.89,25302,16,1120,1004.0,4005.41,337.8
2022,417.29,泰州,452.18,311.95,416.65,6401.77,3158.01,2909.35,20204,7,994,1038.0,4314.89,362.22
2011,763.63,淮北,232.5,132.53,38.07,554.92,298.66,231.01,874,0,24,53.0,62.7209,43.1
2012,985.14,淮北,231.9,134.97,51.85,636.15,330.8,256.35,2251,0,56,54.0,83.4014,49.01
2013,887.71,淮北,231.3,137.16,50.68,720.43,383.57,282.65,2588,0,16,53.0,76.1267,52.74
2014,911.96,淮北,230.9,139.46,52.81,770.28,404.58,309.01,2661,0,24,49.0,65.4979,54.53
2015,1196.3,淮北,230.4,141.47,60.23,774.64,389.56,327.23,2481,1,16,48.0,44.1446,55.34
2016,1288.6,淮北,230.0,143.52,59.18,823.09,409.88,353.36,2604,2,16,47.0,34.0019,56.39
2017,1216.2,淮北,229.6,145.34,60.54,942.91,460.51,417.12,3181,0,64,46.0,41.0187,59.49
2018,1137.51,淮北,229.2,147.38,70.33,1009.54,462.27,481.97,4827,9,225,48.0,54.8818,63.77
2019,1137.51000976562,淮北,228.8,149.18,75.49,1077.94,460.64,544.48,3995,10,168,50.0,65.804,67.99
2020,703.85,淮北,228.4,150.97,80.07,1119.07,463.31,574.73,2925,18,297,48.0,77.5928,71.47
2021,1136.35,淮北,228.0,152.76,88.75,1223.04,509.93,626.8,4534,12,394,41.0,88.0113,79.53
2022,1249.05,淮北,227.6,154.54,97.03,1302.79,570.33,643.26,4534,16,291,37.0,96.6364,88.32
2011,2130.05,淮南,338.0,200.43,71.38,709.54,473.01,250.88,1956,2,124,66.0,165.639,65.69
2012,2409.11,淮南,338.0,202.46,98.61,893.26,512.79,285.74,3172,0,97,68.0,71.3979,70.88
2013,2447.4,淮南,338.5,204.79,110.73,941.57,512.48,327.51,3585,1,104,81.0,85.8387,74.94
2014,2486.81,淮南,339.1,207.19,75.36,928.91,458.03,365.26,3062,2,48,89.0,77.8211,75.09
2015,2762.16,淮南,339.6,209.87,77.31,917.36,410.64,398.37,3667,3,64,111.0,94.7079,80.44
2016,2263.14,淮南,340.1,212.56,97.45,979.46,410.44,454.34,5540,7,73,109.0,101.5128,83.11
2017,1976.44,淮南,340.6,215.26,101.32,1086.04,450.91,515.59,5381,5,64,108.0,115.033,84.75
2018,2290.0,淮南,341.1,217.96,105.38,1197.1,482.51,591.13,5460,16,257,104.0,77.8094,87.95
2019,2940.0,淮南,341.6,220.67,109.41,1283.21,510.27,642.85,5892,14,97,126.0,77.6795,95.55
2020,2301.37,淮南,342.1,223.39,104.02,1305.69,505.66,656.48,3261,16,240,164.0,89.8231,94.99
2021,2623.99,淮南,342.6,226.12,109.61,1437.05,575.43,710.54,4280,21,416,218.0,103.3244,102.62
2022,3074.4,淮南,343.1,228.85,120.31,1541.07,648.93,734.05,4280,19,317,269.0,113.5429,108.8
2011,450.0,淮安,480.4,244.04,170.2,1690.0,794.18,672.36,1984,4,168,623.0,679.21,126.37
2012,454.0,淮安,477.16,254.03,233.61,1920.91,889.2,783.73,3140,4,192,579.0,838.99,134.78
2013,508.0,淮安,475.66,254.48,271.42,2215.86,1005.6,942.53,40771,1,258,658.0,1028.01,148.39
2014,469.6,淮安,473.84,261.31,308.51,2455.39,1085.96,1082.44,17293,2,291,611.0,1225.95,151.53
2015,530.2,淮安,471.69,267.35,350.31,2745.09,1176.66,1260.76,9365,4,152,586.0,1323.7,156.54
2016,530.2,淮安,469.45,274.53,315.51,3090.86,1268.15,1455.24,28509,1,224,547.0,1337.29,163.2
2017,520.0,淮安,467.27,280.92,230.61,3341.61,1414.66,1587.51,16777,7,596,531.0,1396.61,172.92
2018,550.0,淮安,467.12,288.38,247.27,3615.02,1521.4,1730.42,17644,34,774,574.0,1398.25,186.59
2019,365.3,淮安,464.63,298.27,257.31,3840.21,1586.18,1867.82,13052,142,572,632.0,1394.05,191.26
2020,410.2,淮安,464.09,299.4,264.21,4003.37,1608.98,1984.69,15989,100,713,664.0,1457.02,193.81
2021,468.36,淮安,465.82,300.4,297.02,4503.73,1855.32,2225.09,14831,6,750,815.0,1578.32,228.72
2022,511.4,淮安,455.22,304.29,300.08,4742.42,2011.9,2285.1,11624,4,629,820.0,1690.78,248.66
2011,232.05,温州,914.3,605.2665999999999,270.87,3412.0,1736.35,1595.51,11191,11,457,593.0,791.0,327.0
2012,233.59,温州,915.6,607.9584,289.64,3669.18,1827.23,1768.9,17267,15,457,617.0,964.7,326.95
2013,211.52,温州,919.7,613.4399000000001,323.98,4003.9,1959.88,1998.39,23469,25,457,639.0,1149.1,343.33
2014,268.68,温州,906.8,606.6492000000001,352.53,4302.81,2122.11,2115.56,23970,31,900,652.0,1255.2,349.27
2015,269.48,温州,911.7,619.956,403.07,4619.84,2164.26,2382.72,26219,11,887,683.0,1395.0,344.0
2016,219.67,温州,917.5,635.8275,439.87,5045.4,2234.36,2758.36,28846,23,612,714.0,1534.8,378.32
2017,317.6,温州,921.5,646.893,465.35,5453.17,2336.69,2935.12,16697,34,816,761.0,1838.9,399.12
2018,355.6,温州,952.2,673.2054,547.58,6006.2,2379.5,3484.9,20989,31,1520,760.0,2018.0,423.3
2019,381.26,温州,956.1,685.5237000000001,578.97,6606.1,2811.9,3642.5,22236,27,1077,854.0,1463.0,441.08
2020,347.46,温州,958.7,692.1813999999999,601.98,6870.9,2834.5,3876.6,46244,32,1664,957.0,1608.0,449.48
2021,456.07,温州,964.5,702.156,657.55,7585.0,3191.3,4229.4,54458,54,1773,1112.0,1803.0,513.83
2022,495.39,温州,967.9,713.3422999999999,573.85,8029.8,3380.8,4471.5,46761,40,2005,1268.0,2033.0,536.45
2011,188.0,湖州,289.9,156.546,122.12,1580.8,874.12,589.07,7646,5,224,197.0,433.6,157.56
2012,171.23,湖州,290.5,158.032,138.55,1664.3,962.24,663.22,9870,3,257,205.0,464.9,165.84
2013,177.8,湖州,291.6,163.296,154.66,1803.2,1044.99,765.98,9870,7,168,216.0,526.7,182.94
2014,179.6,湖州,293.0,169.354,167.84,1955.96,1130.69,832.92,12679,3,218,230.0,590.9,191.61
2015,187.44,湖州,295.0,175.82,191.31,2084.27,1180.73,919.72,16653,8,249,240.0,621.6,198.91
2016,172.7,湖州,297.5,182.3675,211.18,2243.06,1250.24,1016.68,13695,5,240,251.0,672.3,222.2
2017,211.35,湖州,299.5,188.086,237.43,2476.13,1360.86,1121.25,7335,14,379,279.0,781.5,244.33
2018,245.32,湖州,325.9,208.9019,287.1,2719.1,1273.6,1317.8,12210,10,807,328.0,823.0,274.8
2019,248.91,湖州,332.7,216.5877,316.07,3122.4,1595.4,1393.2,10542,7,726,349.0,830.0,295.02
2020,268.18,湖州,337.2,221.2032,336.56,3201.4,1587.6,1473.3,20478,14,1111,400.0,841.0,302.23
2021,272.64,湖州,340.7,224.862,413.52,3644.9,1865.0,1631.3,21546,17,989,410.0,949.0,345.02
2022,288.61,湖州,341.3,226.6232,387.3,3850.0,1966.2,1722.7,18954,11,816,439.0,1048.0,360.21
2011,167.0,滁州,399.7,174.27,73.86,850.49,479.94,398.61,3640,0,145,127.0,115.8547,55.36
2012,186.0,滁州,400.4,180.98,96.94,1212.45,552.16,479.18,5786,0,40,134.0,154.247,62.42
2013,193.0,滁州,401.2,187.76,114.42,1418.89,658.82,565.99,6944,0,56,141.0,199.0281,72.94
2014,210.0,滁州,402.0,194.57,123.63,1596.45,744.6,649.8,7598,0,24,148.0,219.8722,119.48
2015,225.0,滁州,402.8,201.4,143.73,1812.28,878.64,726.11,8785,5,50,151.0,246.8928,126.57
2016,259.0,滁州,403.6,208.26,167.31,2035.94,947.62,878.57,12628,1,24,195.0,284.6506,138.4
2017,395.0,滁州,404.4,215.14,182.51,2282.01,1097.78,966.54,10083,0,168,196.0,360.198,151.16
2018,389.0,滁州,405.2,222.05,199.28,2594.07,1268.79,1104.55,14399,18,450,238.0,431.0703,171.47
2019,390.0,滁州,406.0,228.98,214.61,2888.7,1398.53,1240.78,11086,41,353,295.0,532.3042,191.58
2020,247.8237,滁州,406.8,235.94,226.02,2946.84,1416.45,1255.67,8654,21,555,433.0,602.7054,214.63
2021,190.616,滁州,407.6,242.93,250.86,3342.11,1633.0,1421.11,12380,25,490,641.0,707.6241,248.27
2022,214.7455,滁州,408.4,249.94,277.85,3609.98,1807.98,1500.46,12380,22,417,782.0,787.3044,283.12
2011,170.95,盐城,726.4,381.3,269.0,2771.33,1306.26,1048.24,3234,2,340,692.0,814.79,184.58
2012,187.81,盐城,762.42,377.3,312.78,3120.0,1472.87,1191.0,4964,0,418,709.0,945.45,225.31
2013,230.06,盐城,684.52,379.22,366.77,3490.55,1634.57,1391.92,22086,0,249,739.0,1122.05,275.16
2014,273.92,盐城,686.93,379.31,418.02,3835.62,1782.41,1563.71,8081,0,314,751.0,1286.63,278.55
2015,535.61,盐城,687.52,385.49,477.5,4212.5,1923.47,1772.5,7840,3,376,771.0,1343.76,280.58
2016,666.38,盐城,665.91,395.98,415.18,4546.9,2050.02,1992.15,8076,2,575,776.0,1422.73,289.29
2017,630.98,盐城,666.96,408.13,360.02,4990.12,2137.96,2300.46,7331,15,1338,747.0,1673.01,287.26
2018,649.1,盐城,667.12,415.28,381.0,5387.16,2309.92,2484.71,9050,37,1615,812.0,1747.52,320.93
2019,662.76,盐城,668.98,423.37,383.0,5656.26,2325.59,2710.77,7676,80,998,846.0,1804.51,327.69
2020,562.45,盐城,670.04,430.27,400.1,5918.38,2344.38,2912.79,11768,41,1105,1050.0,1903.98,358.22
2021,635.61,盐城,671.06,434.67,451.01,6603.97,2673.07,3195.14,27365,9,1458,1192.0,2058.99,410.12
2022,554.05,盐城,671.3,437.7,453.26,7079.78,2927.78,3358.2,24606,1,929,1389.0,2219.5,448.92
2011,321.15,绍兴,493.4,292.0928,239.69,3390.0,1875.23,1315.51,8922,10,493,572.0,4212.2,324.6
2012,349.45,绍兴,494.3,296.0857,265.76,3654.03,2010.37,1489.95,11058,5,436,620.0,4847.7,337.71
2013,333.84,绍兴,494.9,301.889,293.07,3967.3,2161.65,1666.87,15123,5,233,661.0,5523.3,359.56
2014,358.46,绍兴,495.6,308.2632,317.27,4265.83,2240.39,1810.37,24573,7,387,707.0,6178.1,364.93
2015,360.02,绍兴,496.8,316.9584,362.89,4466.65,2279.03,1957.82,41666,3,352,730.0,6583.2,366.25
2016,312.11,绍兴,498.8,325.2176,390.3,4710.19,2385.21,2117.07,36523,18,427,731.0,6935.5,374.51
2017,352.51,绍兴,501.0,333.666,431.36,5108.04,2506.42,2325.34,21813,13,558,740.0,7448.1,411.55
2018,365.23,绍兴,522.3,355.1639999999999,501.34,5416.9,2611.8,2609.0,33186,15,1128,797.0,7991.0,437.72
2019,369.12,绍兴,526.0,368.726,528.37,5780.7,2770.8,2801.6,20615,20,822,812.0,4682.0,462.37
2020,355.65,绍兴,529.1,375.661,543.52,6000.7,2711.8,3069.6,35783,47,1092,920.0,4526.0,453.4
2021,417.16,绍兴,533.7,381.5955,603.8,6795.3,3227.8,3340.3,48133,53,825,958.0,4881.0,515.79
2022,418.68,绍兴,535.3,385.9512999999999,540.09,7350.6,3597.8,3509.3,40687,42,1225,1244.0,5057.0,526.39
2011,73.03,舟山,113.7,73.1091,76.48,772.0,270.41,346.89,618,1,154,121.0,160.8,42.9
2012,74.25,舟山,114.0,74.328,85.56,853.18,290.94,384.51,1096,3,112,122.0,163.6,41.77
2013,74.44,舟山,114.2,75.2578,92.63,930.2,292.15,440.66,1656,8,189,133.0,179.8,42.57
2014,94.27,舟山,114.6,76.4382,101.02,1021.66,315.75,477.68,2088,2,104,142.0,210.1,45.43
2015,132.63,舟山,115.2,78.1056,112.72,1094.67,327.44,502.58,2856,1,121,148.0,226.5,46.03
2016,113.38,舟山,115.8,79.67039999999999,120.32,1228.51,350.39,611.93,1836,4,80,153.0,267.6,48.91
2017,120.4,舟山,116.8,81.17599999999999,125.76,1218.95,372.39,629.43,1920,4,128,157.0,311.2,52.52
2018,125.93,舟山,117.3,82.2273,146.02,1316.7,428.4,745.7,379,5,444,167.0,361.0,55.67
2019,174.52,舟山,116.5,82.94800000000001,154.86,1371.6,475.5,749.7,248,7,168,180.0,239.0,65.5
2020,180.35,舟山,115.9,83.33210000000001,159.2,1512.1,590.2,769.0,2805,26,474,188.0,212.0,103.38
2021,302.94,舟山,116.5,84.11300000000001,180.7,1703.6,754.2,790.7,3154,24,288,211.0,229.0,134.8
2022,272.21,舟山,117.0,85.64399999999999,156.15,1951.3,950.4,830.0,2741,24,328,226.0,254.0,182.62
2011,336.77,芜湖,362.4,206.93,139.97,1658.24,1001.64,540.38,12385,0,250,180.0,298.6101,108.65
2012,359.42,芜湖,363.6,211.62,178.92,1844.76,1153.73,588.48,16861,0,226,200.0,343.699,128.23
2013,323.1,芜湖,364.7,216.63,213.99,2075.66,1253.88,710.37,19019,0,226,212.0,383.6547,144.71
2014,331.1,芜湖,366.2,221.92,233.54,2298.79,1334.94,845.96,17066,0,152,229.0,408.7233,151.3
2015,295.78,芜湖,367.5,226.75,263.47,2366.24,1248.73,997.66,20886,0,129,252.0,420.2528,155.33
2016,277.56,芜湖,368.9,232.04,298.72,2620.22,1360.96,1136.4,26680,1,193,272.0,454.6169,168.78
2017,315.43,芜湖,370.3,236.99,311.23,2880.49,1454.69,1298.98,28911,1,274,290.0,515.3139,179.99
2018,333.32,芜湖,371.6,241.91,318.12,3282.96,1581.37,1568.56,36205,36,1033,350.0,604.4041,192.86
2019,477.23,芜湖,373.0,246.93,321.79,3586.46,1712.66,1727.23,17455,34,653,370.0,692.2178,202.73
2020,439.02,芜湖,374.4,251.97,331.37,3714.14,1743.67,1807.51,13228,35,789,603.0,762.7263,206.78
2021,458.66,芜湖,375.8,257.05,361.2,4267.64,2012.74,2084.77,16963,46,1162,836.0,895.8657,235.08
2022,459.95,芜湖,377.2,262.15,388.6,4502.13,2135.58,2187.3,16963,28,581,980.0,989.4915,253.08
2011,2250.2706,苏州,1046.85,379.51,1100.9,10716.99,5957.74,4581.5,77281,2,2172,1479.0,1530.81,1131.63
2012,2179.0,苏州,1110.87,425.67,1204.33,12011.65,6502.25,5314.32,98430,1,2130,1476.0,1743.71,1189.93
2013,2435.0,苏州,1159.42,439.16,1331.03,12970.0,6757.81,6018.9,10647,2,2017,1460.0,2003.55,1263.21
2014,2424.0,苏州,1193.55,454.1,1443.82,13760.89,6892.98,6663.93,54709,1,2628,1438.0,2116.98,1268.12
2015,2416.0,苏州,1220.57,491.86,1560.76,14504.07,7045.12,7243.24,62263,4,2801,1424.0,1955.62,1311.72
2016,2424.0,苏州,1220.55,483.88,1730.04,15445.26,7277.46,7975.82,106700,17,3573,1396.0,1855.9,1382.58
2017,2522.0,苏州,1260.6,501.88,1908.1,16997.47,8217.83,8557.66,53223,90,6111,1359.0,1954.82,1503.53
2018,2621.0,苏州,1261.9,516.43,2119.99,18263.48,8918.33,9130.9,135862,63,8729,1347.0,2411.75,1562.49
2019,2661.0,苏州,1266.99,526.48,2221.81,19264.8,9130.18,9937.92,81145,51,6834,1317.0,2679.54,1544.48
2020,2503.0,苏州,1270.75,537.46,2303.0,20180.45,9385.58,10598.47,138861,31,7166,1398.0,2867.24,1523.34
2021,2822.0,苏州,1274.96,544.36,2510.0,23168.21,11102.36,11876.12,185133,13,6216,1402.0,3119.57,1685.28
2022,3007.0,苏州,1284.78,555.9,2329.18,23958.34,11521.41,12243.95,164972,6,6144,1484.0,3356.61,1661.73
2011,207.73,蚌埠,368.1,174.85,61.36,780.24,383.43,282.37,3368,1,184,130.0,162.5405,61.39
2012,202.57,蚌埠,369.3,178.74,78.42,925.72,444.8,326.04,6024,3,144,144.0,243.6315,70.45
2013,217.56,蚌埠,370.5,183.03,92.84,1099.72,540.15,391.89,8506,7,32,150.0,336.2755,81.92
2014,150.0,蚌埠,371.8,187.76,105.34,1227.2,606.96,443.17,6813,4,64,142.0,397.79,63.14
2015,165.48,蚌埠,373.1,192.15,119.68,1337.7,601.23,549.44,8571,3,89,140.0,414.8795,66.07
2016,172.81,蚌埠,374.4,196.93,133.88,1501.98,657.17,646.59,9402,3,56,152.0,436.6814,73.11
2017,161.11,蚌埠,375.7,201.75,141.07,1690.26,729.52,757.25,7614,8,226,167.0,497.8033,78.44
2018,195.84,蚌埠,377.0,206.6,152.65,1906.5,810.55,888.06,9406,54,273,191.0,626.7071,86.32
2019,276.47,蚌埠,378.3,211.47,163.28,2016.02,808.61,973.1,7193,46,219,284.0,599.8519,89.25
2020,193.33,蚌埠,379.6,216.37,158.48,2018.35,778.84,982.3,4513,32,225,366.0,648.68,93.02
2021,228.97,蚌埠,380.9,221.3,167.33,1948.99,647.38,1026.06,6453,58,406,401.0,553.4552,103.94
2022,272.93,蚌埠,382.2,226.26,174.03,2012.28,661.76,1061.07,6453,53,380,351.0,605.3152,117.01
2011,243.98,衢州,211.9,94.9312,57.57,890.0,487.28,350.53,1522,1,128,208.0,266.6,111.42
2012,302.26,衢州,212.0,96.884,63.42,972.25,494.2,394.17,3208,1,120,212.0,300.1,116.08
2013,258.38,衢州,212.4,98.9784,72.75,1050.8,508.17,457.12,3288,1,152,226.0,371.9,125.79
2014,484.42,衢州,212.4,101.3148,80.32,1121.01,521.13,497.02,2891,1,226,235.0,406.0,128.3
2015,482.37,衢州,213.3,104.7303,94.02,1146.16,523.58,527.09,3792,0,145,236.0,426.8,133.86
2016,492.36,衢州,216.2,112.424,102.56,1245.49,543.44,604.49,4343,1,217,267.0,426.8,143.48
2017,464.3,衢州,218.5,117.3345,111.28,1380.0,569.85,669.08,4146,2,192,307.0,461.0,155.28
2018,519.1,衢州,224.2,124.6552,128.1,1470.6,661.7,728.0,6125,9,475,341.0,470.0,171.76
2019,496.99,衢州,226.3,128.991,137.12,1573.5,651.1,835.9,2950,7,280,368.0,374.0,184.25
2020,440.89,衢州,227.8,131.2128,140.91,1639.1,659.5,887.4,6557,17,661,411.0,401.0,187.97
2021,473.85,衢州,228.7,132.8747,163.93,1875.6,811.1,977.5,8940,28,670,503.0,447.0,210.6
2022,398.83,衢州,229.0,135.797,173.1,2003.4,874.1,1036.1,6059,30,557,565.0,497.0,225.05
2011,409.76,连云港,430.71,227.55,141.5,1410.52,654.28,552.13,2042,2,273,223.0,367.75,103.71
2012,443.88,连云港,443.95,222.53,208.94,1603.42,736.14,634.88,3940,4,273,231.0,431.53,115.97
2013,478.36,连云港,443.4,238.55,233.3,1810.49,816.46,748.77,4236,0,441,304.0,556.83,134.94
2014,593.21,连云港,445.98,244.4,261.77,1965.89,889.68,814.23,954,4,264,301.0,583.31,157.51
2015,583.34,连云港,448.77,250.1,291.77,2160.64,959.0,918.95,15941,2,217,292.0,629.68,166.68
2016,576.24,连云港,451.3,259.34,211.47,2536.49,1049.9,1025.02,8780,3,334,288.0,648.73,166.15
2017,624.12,连云港,453.83,262.37,214.85,2784.48,1249.03,1222.03,9134,12,1038,283.0,712.18,182.79
2018,687.48,连云港,463.43,273.33,234.31,2923.04,1269.82,1317.62,9538,27,1266,306.0,709.47,178.51
2019,880.96,连云港,453.08,279.13,242.44,3125.29,1349.15,1413.5,7735,27,682,308.0,545.56,183.67
2020,804.5,连云港,450.0,288.05,245.17,3277.07,1372.35,1518.62,12184,26,758,373.0,547.19,194.1
2021,849.87,连云港,460.1,287.07,274.81,3788.12,1648.43,1741.56,9607,6,972,430.0,596.69,218.19
2022,857.92,连云港,460.02,290.22,212.81,4005.03,1814.25,1766.55,8285,4,613,495.0,632.49,255.93
2011,247.33,金华,538.6,321.0056,185.77,2445.6,1180.6,1131.85,11827,2,508,625.0,1914.7,260.33
2012,237.62,金华,539.9,327.1794,214.89,2710.77,1285.13,1276.36,18193,16,337,666.0,2321.3,273.98
2013,235.57,金华,542.8,332.7363999999999,242.47,2956.8,1402.26,1449.69,15997,10,394,687.0,2711.6,290.68
2014,225.27,金华,543.7,338.7251,268.87,3206.64,1482.06,1602.72,15341,21,371,731.0,3044.2,284.79
2015,230.21,金华,545.4,347.4198,309.69,3406.48,1550.9,1798.28,17491,15,265,739.0,3162.9,284.11
2016,250.57,金华,552.0,357.696,338.14,3635.01,1561.29,2006.21,18868,8,329,723.0,3263.4,309.75
2017,239.7,金华,556.4,365.5548000000001,357.71,3870.22,1622.74,2204.45,16350,11,557,758.0,3472.2,337.68
2018,245.57,金华,678.0,452.226,392.62,4100.2,1745.5,2218.9,20959,19,1012,766.0,3520.0,370.57
2019,303.05,金华,691.1,467.1836,411.3,4559.9,1833.0,2581.1,27140,25,853,865.0,2647.0,394.67
2020,264.62,金华,706.2,481.6284000000001,423.25,4704.0,1814.0,2732.8,38554,50,1153,941.0,2596.0,403.84
2021,338.12,金华,712.0,489.144,492.32,5355.4,2208.7,2996.4,52130,94,1239,1003.0,2770.0,475.56
2022,343.91,金华,712.7,494.6138,489.16,5562.5,2328.5,3072.2,51178,56,881,1118.0,2485.0,505.17
2011,1012.43,铜陵,159.6,98.79,45.36,579.41,322.13,231.1,1907,0,104,92.0,70.5333,54.11
2012,1333.1,铜陵,159.3,100.2,63.6,629.41,350.37,241.16,2811,0,72,91.0,86.0079,58.12
2013,1656.49,铜陵,159.1,101.66,64.18,675.38,367.9,266.89,3026,0,105,105.0,103.366,65.78
2014,1321.0,铜陵,158.9,102.97,66.27,706.15,380.17,282.72,2582,0,128,104.0,111.7157,67.16
2015,1408.0,铜陵,158.7,104.11,66.81,720.94,384.92,291.39,3928,5,64,132.0,128.6373,80.62
2016,1719.0,铜陵,158.5,105.24,80.72,852.26,419.75,386.57,3480,30,72,139.0,135.2456,84.03
2017,1399.0,铜陵,158.3,106.22,77.34,921.36,455.16,417.65,2721,43,128,138.0,145.4697,85.64
2018,1265.0,铜陵,158.1,107.35,73.77,954.65,477.44,427.21,4263,34,522,152.0,164.9967,89.69
2019,1348.0,铜陵,157.9,108.32,77.58,950.56,433.4,464.43,3213,97,313,222.0,159.671,98.3
2020,1335.0,铜陵,157.7,109.29,81.76,1003.69,462.86,483.92,2382,129,288,301.0,177.0071,97.89
2021,1311.0,铜陵,157.5,110.25,93.5,1165.59,579.55,526.8,3303,191,500,399.0,207.1411,105.06
2022,1482.9,铜陵,157.3,111.21,103.78,1209.95,602.8,545.29,3303,243,185,404.0,227.8917,114.0
2011,738.5,镇江,311.45,192.37,182.6,2311.45,1272.39,938.29,7404,2,249,368.0,349.55,184.09
2012,727.91,镇江,315.46,199.4,215.48,2630.42,1419.54,1095.11,9235,0,540,381.0,370.91,193.47
2013,710.0,镇江,315.48,206.67,254.52,2975.06,1554.8,1309.07,4573,1,409,396.0,495.17,212.2
2014,709.18,镇江,316.54,213.79,277.76,3252.44,1631.1,1499.89,11843,5,412,391.0,555.46,209.41
2015,988.27,镇江,317.14,218.16,302.85,3502.48,1726.96,1642.63,14136,2,556,381.0,541.46,216.27
2016,1005.87,镇江,317.05,221.15,293.01,3435.73,1870.4,1825.66,34260,8,737,367.0,530.67,232.41
2017,602.9,镇江,318.13,232.87,284.34,3714.57,1807.78,1764.36,33539,3,1203,380.0,495.05,243.86
2018,483.16,镇江,318.03,238.87,301.5,3847.79,1862.91,1843.17,42792,20,1551,400.0,537.64,255.24
2019,455.013291187468,镇江,319.84,260.03,306.85,4077.32,1954.79,1982.11,23890,3,922,387.0,561.46,264.39
2020,439.087934191884,镇江,320.35,255.11,311.74,4185.09,1968.63,2066.96,28110,16,735,448.0,597.62,267.05
2021,714.209,镇江,321.1,256.9,327.59,4763.42,2311.5,2294.9,22692,8,928,517.0,645.61,295.06
2022,784.86,镇江,321.72,258.55,303.96,5017.04,2471.61,2381.56,20131,9,904,572.0,683.03,298.47
2011,441.96,阜阳,1026.9,361.47,55.73,853.21,412.57,464.08,1787,0,64,122.0,93.7761,71.26
2012,423.62,阜阳,1030.4,377.13,69.31,1248.05,480.89,533.91,3366,3,57,126.0,117.6279,83.43
2013,441.47,阜阳,1033.8,392.84,85.46,1436.67,570.33,615.12,3751,1,8,127.0,130.9557,92.84
2014,591.7,阜阳,1037.2,409.69,103.51,1584.57,619.44,700.08,4331,0,77,133.0,157.9014,96.65
2015,547.45,阜阳,1040.7,425.65,120.04,1687.45,640.44,774.64,7393,1,81,137.0,178.601,104.35
2016,514.62,阜阳,1044.1,442.7,133.44,1887.35,697.24,904.06,8510,7,80,150.0,196.9221,114.93
2017,478.93,阜阳,1047.5,459.85,157.62,2128.51,802.72,1015.12,10336,11,128,157.0,212.0604,125.06
2018,457.71,阜阳,1050.9,476.06,187.14,2407.34,923.79,1172.88,13065,5,224,183.0,241.9866,143.35
2019,457.7099609375,阜阳,1054.3,493.41,200.63,2686.05,1008.2,1327.42,9537,2,224,218.0,268.4245,159.03
2020,437.8766,阜阳,1057.7,510.87,199.26,2724.45,990.17,1337.54,7153,9,370,307.0,290.0394,168.76
2021,533.73,阜阳,1061.1,527.37,189.61,3021.5,1105.11,1499.08,7600,4,147,430.0,338.8455,186.33
2022,572.684,阜阳,1064.5,545.02,184.8,3233.32,1221.26,1577.84,7600,12,153,556.0,374.1558,206.66
2011,1362.01,马鞍山,230.0,142.83,91.44,1144.3,726.44,331.08,2449,0,296,158.0,240.8807,138.65
2012,1638.66,马鞍山,229.9,143.92,127.82,1210.54,760.11,382.31,4412,0,241,153.0,264.389,148.05
2013,1671.5,马鞍山,229.8,144.77,146.18,1273.06,771.07,429.33,6404,1,154,147.0,271.9377,158.99
2014,1711.25,马鞍山,229.7,146.09,121.05,1330.8,767.37,487.53,6231,1,193,134.0,282.6169,170.9
2015,1240.09,马鞍山,229.6,147.4,130.81,1366.11,716.66,571.31,7960,2,177,133.0,287.6691,178.17
2016,2076.46,马鞍山,229.5,148.72,140.32,1448.9,735.74,630.92,9477,4,152,139.0,305.9785,188.84
2017,2062.89,马鞍山,229.4,150.03,138.36,1671.58,855.73,730.69,10116,1,364,138.0,357.9252,197.1
2018,1961.63,马鞍山,229.3,151.34,151.02,1923.74,934.73,902.16,11338,5,1126,149.0,420.3451,205.71
2019,1860.37,马鞍山,229.2,152.65,158.35,2085.64,1002.85,988.69,10610,8,722,177.0,483.7739,210.58
2020,1906.71,马鞍山,229.1,153.96,169.54,2102.7,984.39,1018.07,7829,14,597,234.0,534.1745,213.9
2021,1986.15,马鞍山,229.0,155.26,196.53,2389.27,1159.63,1125.14,9538,12,813,265.0,622.409,235.41
2022,1999.68,马鞍山,228.9,156.57,204.88,2520.96,1239.36,1171.92,9538,6,565,273.0,692.4583,250.57
2011,27.69,黄山,148.9,73.11,45.5,378.81,164.48,170.86,583,0,72,76.0,56.5569,19.84
2012,27.59,黄山,148.7,74.65,56.32,425.68,185.06,194.11,1408,0,56,82.0,64.8865,22.76
2013,27.1,黄山,148.5,76.48,59.38,473.77,191.18,232.05,1347,0,57,79.0,67.3471,24.51
2014,26.7,黄山,148.4,78.21,67.99,513.85,205.35,256.58,1059,0,32,77.0,61.3097,24.46
2015,26.65,黄山,148.3,79.93,71.6,540.15,202.77,283.94,1125,0,16,74.0,50.8199,26.25
2016,14.48,黄山,148.2,81.51,75.79,594.39,213.33,326.56,1516,0,16,72.0,50.0229,29.29
2017,15.9,黄山,148.1,83.08,75.19,662.71,227.54,378.87,1303,0,48,67.0,52.7647,31.57
2018,14.74,黄山,148.0,84.66,77.61,738.88,251.82,430.16,2185,1,201,71.0,68.5351,36.84
2019,11.42,黄山,147.9,86.23,81.07,816.33,279.7,474.86,1857,1,96,78.0,86.5297,40.99
2020,8.06,黄山,147.8,87.79,83.93,850.37,293.42,489.2,1549,1,234,106.0,99.2344,42.52
2021,14.09,黄山,147.7,89.36,88.29,957.4,341.28,541.52,2260,3,655,150.0,116.3979,49.31
2022,17.12,黄山,147.6,90.92,90.71,1002.33,355.24,568.91,2260,3,235,181.0,127.4735,51.56
