,PC1,PC2,PC3,PC4,PC5,PC6,PC7
PerCapitaGDP,0.22686269325936365,-0.2522450922180637,0.09045239254945363,-0.07784133759285897,0.02002511101456036,-0.11847359286080043,-0.13119831053144695
SecondaryIndustryShare,-0.06428236985176054,0.046580141679921354,0.6123549504022249,-0.2232131932629316,0.18301209222477285,-0.06826326980892905,-0.19879326297534047
TertiaryIndustryShare,0.2331652127879116,-0.25178644366900954,-0.4198454644250435,0.025715470266622305,-0.053822781490734155,0.25220478620592046,0.5129638005773008
FiscalCapacityPerCapita,0.2778983357812081,-0.42440998985419987,-0.031173727512238618,-0.1509219735090763,0.05714200922371631,0.09300332728640201,-0.17998024794635825
ConstructionIntensity,-0.03380236829296636,0.23175403087055588,-0.11748212795202896,0.2495816699901943,0.8619442339905423,0.3128490653403413,-0.008849831841722802
UrbanizationRate,0.20639549535152485,-0.28902484827724373,-0.12166043650092823,-0.5789868605694306,0.22858715410688663,0.257511002151788,-0.28016219501751155
PatentsPerCapita,0.2170201341570503,-0.22985951198075416,0.2510496212769773,-0.052380385360291076,0.35926041829138405,-0.5666259283704248,0.5563348043240557
EnergyIntensity,-0.06306931713447471,0.0064464900374761,0.5160617880883853,-0.14287882942810914,-0.14569289395984603,0.630111276959256,0.45417315867886526
PolicyCount,0.7452451223635312,0.6395659305959275,0.012742570297642282,-0.14676331848258783,-0.0992352716293033,-0.010529664711395456,0.00798308566189154
PublicAwarenessIndex,0.40323705614111166,-0.3025154960363976,0.285458223477381,0.6917105883155262,-0.06783370721092709,0.1632322545111218,-0.23093053997209773
