EnergyIntensity,eff,size,lowerCI_95%,upperCI_95%
-1.2127441183071528,-0.029225394,0.0,,
-1.03625518666043,-0.030299183,17.0,-0.03074866584129003,-0.029849700121215312
-0.9409812114919986,-0.03029494,16.0,-0.03030398384024279,-0.030285895910962653
-0.850506529492292,-0.02528125,17.0,-0.026671117054236353,-0.023891383899437964
-0.7793850305070096,-0.02578365,16.0,-0.026344585683324276,-0.025222715470812382
-0.7444903320399274,-0.027034355,16.0,-0.027816706366505045,-0.02625200428846894
-0.6921995207897214,-0.026869025,17.0,-0.027175937469432702,-0.026562112693359504
-0.6259503899155946,-0.026527284,16.0,-0.02694514762214994,-0.02610941980429316
-0.4978248883107322,-0.02538884,16.0,-0.026740257007674184,-0.02403742416421989
-0.4130728357045224,-0.025287624,17.0,-0.025378005749190607,-0.025197243147885046
-0.339845792733937,-0.0057752915,16.0,-0.014270521019390059,0.0027199380740432263
-0.2933475423991275,-0.008107631,17.0,-0.011245508928083948,-0.004969752143836447
-0.227563057883422,-0.007973364,16.0,-0.008557225261501347,-0.007389501984544721
-0.1777965343020141,-0.0061755124,16.0,-0.007998451902222717,-0.004352572993683731
-0.120762023796563,-0.0055679306,17.0,-0.006512901631462636,-0.004622959646117625
-0.0812501317031072,-0.0025607813,16.0,-0.007232983574533791,0.0021114209445956657
-0.01380687293269,-0.0024378914,16.0,-0.002799523545967509,-0.0020762593312392934
0.0544800423107091,-0.004677573,17.0,-0.006056132064986412,-0.0032990143728969653
0.1168384241900687,-0.005966861,16.0,-0.006671655331278532,-0.005262066270684511
0.1838964810149221,0.0007883627,16.0,-0.00350426694646233,0.005080992339996037
0.2459606212140054,0.0008647088,17.0,0.0007159934809336545,0.001013424111353409
0.3354840388170302,0.014959425,16.0,0.011061545033836894,0.018857304434394307
0.4007533118007726,0.01921263,17.0,0.017856107462601103,0.0205691518295246
0.5830050616257669,0.019225221,16.0,0.019206887210572777,0.019243555043970528
0.7217998435205474,0.019103773,16.0,0.019037750754839707,0.019169795121663284
0.8626066513228633,0.0054322854,17.0,0.002594308520637213,0.008270262216247857
0.9607053231281796,0.048411794,16.0,0.023609558006577918,0.07321403000707107
1.0879676853752145,0.055437,16.0,0.052855202001647325,0.058018795209808974
1.2329640540458762,0.055982552,17.0,0.055839348459037236,0.05612575647851617
1.813435279325784,0.058461756,16.0,0.05779732384902044,0.05912618717926935
2.3382856340721228,0.017760575,17.0,0.0009434525223365291,0.03457769711297841
