PerCapitaGDP,eff,size,lowerCI_95%,upperCI_95%
-1.0324726742537484,-0.033768605,0.0,,
-0.8936652735287063,-0.031691615,10.0,-0.03263986905995453,-0.03074336001690781
-0.8296324458031811,-0.03552805,10.0,-0.03984010123725408,-0.031215996508641305
-0.7676603302577458,-0.029076971,10.0,-0.042767169760724075,-0.015386772466639513
-0.7006916822925935,-0.019631298,10.0,-0.023277538647161148,-0.015985057870640137
-0.6523329900921682,-0.024414394,10.0,-0.02560028753228863,-0.023228500569384497
-0.6307857397209647,-0.030554313,9.0,-0.03340008429541566,-0.027708542129850605
-0.5827817163138577,-0.030554313,10.0,-0.030554313212633133,-0.030554313212633133
-0.5405187637783309,-0.030377965,10.0,-0.030583900482791967,-0.03017203035817712
-0.4972553866753185,-0.027998585,10.0,-0.030328678833614307,-0.02566849167429356
-0.4594734293782684,-0.015585041,10.0,-0.02069460530512839,-0.010475476042098707
-0.4065414249812592,-0.021660035,10.0,-0.02372248410116689,-0.01959758685101016
-0.3753184227139144,-0.02090092,9.0,-0.021730742074360515,-0.020071097992549275
-0.3206338404286826,-0.019088415,10.0,-0.01984069572602897,-0.0183361351319632
-0.2851747312345229,-0.019325875,10.0,-0.019572150332092482,-0.019079599159599107
-0.23230839365087,-0.019366685,10.0,-0.01945900687255606,-0.01927436372957483
-0.1906849483632173,-0.017962037,10.0,-0.02096687766047091,-0.014957195648235376
-0.1491594356532176,-0.015965566,9.0,-0.018368806637079346,-0.013562325441091429
-0.1231826706941732,-0.014956359,10.0,-0.01630738891234395,-0.013605328728055983
-0.0784686356623253,-0.014910851,10.0,-0.01515189085288141,-0.0146698104949465
-0.0486229338666306,-0.015029632,10.0,-0.01536801445804544,-0.014691248652115388
-0.0231177699462945,-0.01508026,10.0,-0.015219265490354853,-0.014941254735408468
0.0224555535794428,-0.0012919791,10.0,-0.005595374834608189,0.0030114166260472456
0.0584310725069193,0.002975233,9.0,0.0008360939770803068,0.005114371821297684
0.1052855629259505,0.014308892,10.0,0.007292566931999283,0.021325217448913497
0.1326665518772517,0.014467694,10.0,0.014234991426097346,0.014700396304501104
0.1775775671220277,0.018290367,10.0,0.014616505774184855,0.02196422818072161
0.2295673107114076,0.027777031,10.0,0.020897271893195908,0.03465679023487111
0.2698945237273172,0.025670249,9.0,0.024905723808423017,0.026434774221762682
0.3002253575473327,0.019526575,10.0,0.014067765065125148,0.024985384456225713
0.3651077419558762,0.018804755,10.0,0.018454873833334058,0.019154636290395648
0.4190972802764025,0.0127677545,10.0,0.010187071398609132,0.015348437591678648
0.4540476044448651,0.0140587315,10.0,0.012896637678992535,0.015220825313675617
0.5164951753848388,0.015694574,10.0,0.014593248028956384,0.016795899014271767
0.5675861721506312,0.015643105,9.0,0.015507214898014546,0.015778994923686503
0.6355267756560722,0.019655377,10.0,0.01627342095141243,0.02303733239407707
0.6829414007332176,0.019695088,10.0,0.01949297058756395,0.01989720594708876
0.7622285801966384,0.019875966,10.0,0.019702913196990187,0.020049018827965562
0.8413494218189121,0.019942462,10.0,0.01986487889875998,0.02002004598985086
0.8850845466914208,0.020143364,9.0,0.019933295607663392,0.020353431641958953
0.981191949111166,0.027648017,10.0,0.02650478657367148,0.02879124704716287
1.0482734089390535,0.025593724,10.0,0.02025312890950047,0.03093431929406322
1.1124013489953053,0.011792991,10.0,0.006904693334636144,0.01668128928607995
1.1930264857593096,0.007339377,10.0,0.004064915462842539,0.010613838449606344
1.3225830301469923,0.0069666915,10.0,0.006450653296726703,0.007482729631644727
1.404203487773786,0.0069666915,9.0,0.006966691464185715,0.006966691464185715
1.4877648889723725,0.008990582,10.0,0.007642919935827543,0.010338244221563053
1.7084250703042034,0.009031538,10.0,0.008964080608822807,0.009098995231650368
1.848008254905232,0.03386246,10.0,0.024163447374147325,0.04356147343512162
2.12398887188901,0.03437308,10.0,0.033860705248228075,0.03488545174230003
2.7635357826445186,0.0328493,10.0,0.0321041742290757,0.03359442707640907
